budget,model,prior_method,strategy,objective,solver,config,avg_decision_coverage,avg_density_phi,decision_D1_coverage,decision_D2_coverage,decision_D3_coverage,decision_D4_coverage,decision_D5_coverage,global_gr_coverage,redundancy_score,semantic_volume
250,BAAI/bge-m3,centroid,prior,mmr,greedy,prior/mmr/greedy,0.6541811377642344,0.03153782327800005,0.6476077314061927,0.6601594676104982,0.6390492357461728,0.6295961919129512,0.644452130358394,0.6295253357853368,0.23811101358173029,-0.10079489969046321
250,BAAI/bge-m3,centroid,prior,graphcut,greedy,prior/graphcut/greedy,0.654276110667168,0.03152285734595696,0.6482579531078014,0.6600547116953437,0.6390194936999777,0.6295860814938116,0.626361047655767,0.6295580473772102,0.2378344086684146,-0.10033670233856666
250,BAAI/bge-m3,centroid,prior,fl,greedy,prior/fl/greedy,0.7991496779072649,0.017614261941316555,0.8040555067649725,0.7957143249122679,0.787266133687163,0.7673400399941206,0.8046163068116273,0.7841499166845308,0.36293462438965746,-0.28820788459693186
250,BAAI/bge-m3,centroid,prior,mmr,cost_norm,prior/mmr/cost_norm,0.6917850027285147,0.026514051490867475,0.690693781497581,0.6889447807875575,0.6863254036321709,0.6700397212126424,0.6644307377876206,0.673429409586438,0.3290982058728641,-0.11984170607800754
250,BAAI/bge-m3,centroid,prior,graphcut,cost_norm,prior/graphcut/cost_norm,0.6917850027285147,0.026514051499653538,0.690693781497581,0.6889447807875575,0.6863254036321709,0.6700397212126424,0.6644307377876206,0.673429409586438,0.3290982058728641,-0.11984170607800754
250,BAAI/bge-m3,centroid,prior,fl,cost_norm,prior/fl/cost_norm,0.8091955498209342,0.019118961724364815,0.8112675518253466,0.8095583706824536,0.7917684206179615,0.7879444850390076,0.7480454373915526,0.7913767391014789,0.49308538675870534,-0.7928318769302009
250,BAAI/bge-m3,centroid,prior,dpp,dpp,prior/dpp/dpp,0.6315317944290616,0.035011217749308585,0.6254998419544643,0.6343457339388806,0.6288806149494306,0.6267335255265795,0.6338831999324857,0.6006924003872341,0.32779150196122675,-0.2342402332656999
250,BAAI/bge-m3,centroid,prior,mmr,topk,prior/mmr/topk,0.6241876960131031,0.036052353131004945,0.6207385282139238,0.6267133971645238,0.6174806718404113,0.6034625847638165,0.6338831999324857,0.5932657652253164,0.43732658647141365,-2.1636821165822755
250,BAAI/bge-m3,centroid,prior,graphcut,topk,prior/graphcut/topk,0.6241876960131031,0.036052353131004945,0.6207385282139238,0.6267133971645238,0.6174806718404113,0.6034625847638165,0.6338831999324857,0.5932657652253164,0.43732658647141365,-2.1636821165822755
250,BAAI/bge-m3,centroid,prior,fl,topk,prior/fl/topk,0.6241876960131031,0.03605235311343282,0.6207385282139238,0.6267133971645238,0.6174806718404113,0.6034625847638165,0.6338831999324857,0.5932657652253164,0.43732658647141365,-2.1636821165822755
250,NovaSearch/stella_en_1.5B_v5,centroid,prior,mmr,greedy,prior/mmr/greedy,0.49095647646626983,0.07630140041791887,0.4932692549701762,0.49195144295566184,0.487818561796531,0.5517838727000418,0.5893371128386216,0.47638933073555423,0.06459984843584024,-0.018233538556135926
250,NovaSearch/stella_en_1.5B_v5,centroid,prior,graphcut,greedy,prior/graphcut/greedy,0.49104316216620186,0.07631093825055461,0.49417249298627436,0.4914883810447709,0.48753145481046223,0.5517838727000418,0.5893371128386216,0.47677875368233197,0.06460329573513623,-0.018256204171206464
250,NovaSearch/stella_en_1.5B_v5,centroid,prior,fl,greedy,prior/fl/greedy,0.760678964145622,0.036611142014768325,0.7601413900253096,0.7587281672162265,0.7581275045318743,0.7359799273328806,0.6570347626740146,0.7560161400306902,0.2833525941373323,-0.20436626906795008
250,NovaSearch/stella_en_1.5B_v5,centroid,prior,mmr,cost_norm,prior/mmr/cost_norm,0.5650424244638945,0.06033521352933263,0.5608297499817259,0.5707621322580079,0.5626571822560755,0.6190603409269723,0.4699198952612474,0.5504583718109798,0.10151748064430957,-0.03758628619515814
250,NovaSearch/stella_en_1.5B_v5,centroid,prior,graphcut,cost_norm,prior/graphcut/cost_norm,0.5668333016445515,0.0602510854742437,0.5653485285594926,0.5716565270756528,0.563010269740388,0.6162297023368666,0.4699198952612474,0.5537283721979633,0.10082317899719302,-0.03714294501981789
250,NovaSearch/stella_en_1.5B_v5,centroid,prior,fl,cost_norm,prior/fl/cost_norm,0.7713425329314303,0.03761200220236238,0.7721840805847803,0.7700512803640037,0.7651779144616091,0.7585935700019417,0.7310239552160132,0.7636976094390988,0.3872974432020817,-0.5880718515627965
250,NovaSearch/stella_en_1.5B_v5,centroid,prior,dpp,dpp,prior/dpp/dpp,0.38067650639383277,0.08759178197503371,0.3774634370442157,0.38661044992314786,0.37354465644300455,0.37680033647485744,0.4699198952612474,0.3412224978627149,0.18460229288716362,-0.08576484011030222
250,NovaSearch/stella_en_1.5B_v5,centroid,prior,mmr,topk,prior/mmr/topk,0.3634053751588028,0.0889103405862906,0.35911999528559657,0.3689492564048648,0.3503354355190017,0.36607076728100196,0.4699198952612474,0.32507446389449934,0.27495097927749157,-1.6456113981286524
250,NovaSearch/stella_en_1.5B_v5,centroid,prior,graphcut,topk,prior/graphcut/topk,0.3634053751588028,0.0889103405862906,0.35911999528559657,0.3689492564048648,0.3503354355190017,0.36607076728100196,0.4699198952612474,0.32507446389449934,0.27495097927749157,-1.6456113981286524
250,NovaSearch/stella_en_1.5B_v5,centroid,prior,fl,topk,prior/fl/topk,0.3634053751588028,0.0889103405862906,0.35911999528559657,0.3689492564048648,0.3503354355190017,0.36607076728100196,0.4699198952612474,0.32507446389449934,0.27495097927749157,-1.6456113981286524
250,all-MiniLM-L6-v2,centroid,prior,mmr,greedy,prior/mmr/greedy,0.3053451517944427,0.09615033179662137,0.3042713793533694,0.30669924627354295,0.28503713022522276,0.26731423121283937,0.3132559276287231,0.2962026404246216,-0.005645165997460901,-0.005972732097056219
250,all-MiniLM-L6-v2,centroid,prior,graphcut,greedy,prior/graphcut/greedy,0.3071573514017134,0.09617014747675297,0.3062479301125578,0.31012551761320983,0.2851289791980154,0.26731423121283937,0.3132559276287231,0.2982606887258436,-0.005676486586510709,-0.00605093913488958
250,all-MiniLM-L6-v2,centroid,prior,fl,greedy,prior/fl/greedy,0.6308859663166094,0.04975006288304081,0.6420306231954392,0.6319507795125388,0.6067416533106487,0.5591721344890672,0.5026147079503555,0.6502908699278507,0.2325749383494697,-0.13057606199218885
250,all-MiniLM-L6-v2,centroid,prior,mmr,cost_norm,prior/mmr/cost_norm,0.42892427367561603,0.07522295461088982,0.4300806001877192,0.42781335098225426,0.4185334231332161,0.38141738610528636,0.3132559276287231,0.41976958446277335,0.0188594941327948,-0.019497963609888706
250,all-MiniLM-L6-v2,centroid,prior,graphcut,cost_norm,prior/graphcut/cost_norm,0.4344964323259313,0.07483676276257578,0.4318939536740664,0.4318932071422703,0.42921016110609483,0.41645248159410053,0.3132559276287231,0.42939063712832337,0.016474467947258712,-0.021914830586340184
250,all-MiniLM-L6-v2,centroid,prior,fl,cost_norm,prior/fl/cost_norm,0.6652845387964497,0.05187562893513801,0.674659755315414,0.6588909097369603,0.6606534200326486,0.6314168726083718,0.6252225428398375,0.673501207451527,0.28512737787557096,-0.33613310899708493
250,all-MiniLM-L6-v2,centroid,prior,dpp,dpp,prior/dpp/dpp,0.2219395798406749,0.10527496484442139,0.22013693444789473,0.2277072603554478,0.21588964989653855,0.21910110559092344,0.23134612014713912,0.2110910947490654,0.10819932928458208,-0.05080484208248305
250,all-MiniLM-L6-v2,centroid,prior,mmr,topk,prior/mmr/topk,0.2052839217260666,0.10867897798922264,0.2031403901101249,0.20950517796332732,0.20076067048542837,0.19744019351894473,0.23134612014713912,0.19413672691964265,0.2582617039541837,-1.8645167284005928
250,all-MiniLM-L6-v2,centroid,prior,graphcut,topk,prior/graphcut/topk,0.2052839217260666,0.10867897798922264,0.2031403901101249,0.20950517796332732,0.20076067048542837,0.19744019351894473,0.23134612014713912,0.19413672691964265,0.2582617039541837,-1.8645167284005928
250,all-MiniLM-L6-v2,centroid,prior,fl,topk,prior/fl/topk,0.2052839217260666,0.10867897798922264,0.2031403901101249,0.20950517796332732,0.20076067048542837,0.19744019351894473,0.23134612014713912,0.19413672691964265,0.2582617039541837,-1.8645167284005928
250,google/embeddinggemma-300m,centroid,prior,mmr,greedy,prior/mmr/greedy,0.523729289163773,0.052662055693426225,0.5274941642684411,0.521802217433668,0.5162339192611259,0.491817322972653,0.5480559724285253,0.4931482855086696,0.09921631220023078,-0.026527103548969127
250,google/embeddinggemma-300m,centroid,prior,graphcut,greedy,prior/graphcut/greedy,0.5252280380267974,0.052613324099132476,0.5296513699111527,0.5227642225219904,0.5172450245553091,0.4909164069947514,0.5480559724285253,0.49468018549904524,0.09903423424386244,-0.026820058058519797
250,google/embeddinggemma-300m,centroid,prior,fl,greedy,prior/fl/greedy,0.7113297552711392,0.03079316458436397,0.7217129935532532,0.6989329720661027,0.7028611260022363,0.6800430242680201,0.6878030222735612,0.7063496298059089,0.26366604056279613,-0.16456404902972727
250,google/embeddinggemma-300m,centroid,prior,mmr,cost_norm,prior/mmr/cost_norm,0.5462349816295023,0.04538012518248749,0.5473391545266584,0.5440139471950575,0.5404867132727155,0.5364520612943123,0.415275548339429,0.5117986546268014,0.13884283524481053,-0.03325070885206652
250,google/embeddinggemma-300m,centroid,prior,graphcut,cost_norm,prior/graphcut/cost_norm,0.5487225449886965,0.045386145137391,0.5500682518947221,0.5461446017297493,0.541894101530211,0.5364520612943123,0.415275548339429,0.5136915655196653,0.13791721907690307,-0.032795451949119904
250,google/embeddinggemma-300m,centroid,prior,fl,cost_norm,prior/fl/cost_norm,0.7224052564072144,0.03263396732860579,0.7254228133621916,0.7198945284645937,0.7075144897305611,0.6859289895677753,0.6564788715807669,0.7153174152650265,0.36925664797144114,-0.45420774065379826
250,google/embeddinggemma-300m,centroid,prior,dpp,dpp,prior/dpp/dpp,0.48281410831808325,0.05845111842214499,0.4818179882605464,0.4822780712364835,0.47586459519220703,0.4809002660191514,0.5640198603915039,0.45046070076350736,0.20023113353845645,-0.08747633561651576
250,google/embeddinggemma-300m,centroid,prior,mmr,topk,prior/mmr/topk,0.47385069074353264,0.05936636504242724,0.4763224788230022,0.4716097617624139,0.4697333982905354,0.47707519334362547,0.5640198603915039,0.4417306499297118,0.3114674542766978,-1.0594376402629613
250,google/embeddinggemma-300m,centroid,prior,graphcut,topk,prior/graphcut/topk,0.47385069074353264,0.05936636504242724,0.4763224788230022,0.4716097617624139,0.4697333982905354,0.47707519334362547,0.5640198603915039,0.4417306499297118,0.3114674542766978,-1.0594376402629613
250,google/embeddinggemma-300m,centroid,prior,fl,topk,prior/fl/topk,0.47385069074353264,0.05936636504242724,0.4763224788230022,0.4716097617624139,0.4697333982905354,0.47707519334362547,0.5640198603915039,0.4417306499297118,0.3114674542766978,-1.0594376402629613
250,Qwen/Qwen3-Embedding-0.6B,centroid,prior,mmr,greedy,prior/mmr/greedy,0.7609654088251172,0.02189033521989466,0.7663941408821583,0.7572352380484872,0.7595857466814242,0.7620641724688966,0.7583929121556086,0.7477087582377184,0.3465732607357907,-0.2566983523727172
250,Qwen/Qwen3-Embedding-0.6B,centroid,prior,graphcut,greedy,prior/graphcut/greedy,0.7604264121513051,0.02190239607128051,0.7660220313841763,0.7565530553734925,0.7585490331152488,0.7591839564281307,0.7583929121556086,0.7471078375327401,0.3463865345660246,-0.2561234613565488
250,Qwen/Qwen3-Embedding-0.6B,centroid,prior,fl,greedy,prior/fl/greedy,0.9097831744166263,0.009977610062429998,0.910310789414564,0.9075272295250028,0.9073603542149449,0.9014303966348096,0.8649730663680345,0.8959818436489375,0.5068606422194895,-0.6900261734736736
250,Qwen/Qwen3-Embedding-0.6B,centroid,prior,mmr,cost_norm,prior/mmr/cost_norm,0.7929621470524792,0.01878730794151296,0.7930218676591845,0.7928041356143146,0.7899874484142917,0.7871386774014001,0.7811028170966798,0.7796414328096025,0.5132627544819184,-0.3193306985820818
250,Qwen/Qwen3-Embedding-0.6B,centroid,prior,graphcut,cost_norm,prior/graphcut/cost_norm,0.7929621470524792,0.01878730794151296,0.7930218676591845,0.7928041356143146,0.7899874484142917,0.7871386774014001,0.7811028170966798,0.7796414328096025,0.5132627544819184,-0.3193306985820818
250,Qwen/Qwen3-Embedding-0.6B,centroid,prior,fl,cost_norm,prior/fl/cost_norm,0.9119871720664908,0.010333615052074476,0.911389865450577,0.9096924993634928,0.9132342831969088,0.9041578895249506,0.8683348526520334,0.9018046380499876,0.7250548901985276,-1.8765476450042904
250,Qwen/Qwen3-Embedding-0.6B,centroid,prior,dpp,dpp,prior/dpp/dpp,0.7335754656394113,0.024473154886608135,0.7334217527878194,0.7319369173234365,0.7383492998496163,0.7227303743770741,0.6898571573936332,0.7164502629372603,0.4044815550716418,-0.3783963570407685
250,Qwen/Qwen3-Embedding-0.6B,centroid,prior,mmr,topk,prior/mmr/topk,0.7267443538405922,0.025228952663897904,0.726680586547959,0.7239447321444172,0.7306886788891621,0.7157138099130745,0.7284507977422496,0.7099642658194624,0.480736550295128,-1.5478402548031571
250,Qwen/Qwen3-Embedding-0.6B,centroid,prior,graphcut,topk,prior/graphcut/topk,0.7267443538405922,0.025228952663897904,0.726680586547959,0.7239447321444172,0.7306886788891621,0.7157138099130745,0.7284507977422496,0.7099642658194624,0.480736550295128,-1.5478402548031571
250,Qwen/Qwen3-Embedding-0.6B,centroid,prior,fl,topk,prior/fl/topk,0.7267443538405922,0.025228952663897904,0.726680586547959,0.7239447321444172,0.7306886788891621,0.7157138099130745,0.7284507977422496,0.7099642658194624,0.480736550295128,-1.5478402548031571
250,all-mpnet-base-v2,centroid,prior,mmr,greedy,prior/mmr/greedy,0.3282325003291258,0.09123416378531816,0.32312736631265576,0.33214435677088033,0.3207321259844219,0.29529844282700446,0.10723887768920266,0.31222034936940873,-0.008960291327038815,-0.0057649453800982485
250,all-mpnet-base-v2,centroid,prior,graphcut,greedy,prior/graphcut/greedy,0.329409054633835,0.09116149804431875,0.3230674833532778,0.3346506287085494,0.321519519533391,0.29447571983273046,0.10723887768920266,0.3121892337334343,-0.00966309157380272,-0.005688417207158233
250,all-mpnet-base-v2,centroid,prior,fl,greedy,prior/fl/greedy,0.6674397374128346,0.04415773765517855,0.6685593924992416,0.6669228516354538,0.664751635627179,0.6057687348586667,0.5389510215879761,0.6854964093927146,0.26677265790519566,-0.22168622910737507
250,all-mpnet-base-v2,centroid,prior,mmr,cost_norm,prior/mmr/cost_norm,0.44776808861648965,0.07259246821181392,0.4416823389499129,0.45063906614646365,0.45017776191395564,0.4099512279604904,0.10723887768920266,0.43415427570237286,0.019710030498230318,-0.01946051752822704
250,all-mpnet-base-v2,centroid,prior,graphcut,cost_norm,prior/graphcut/cost_norm,0.44621549592622683,0.0719453709832621,0.4400540329199474,0.4485912368664424,0.4483765523623207,0.42530446550406226,0.10723887768920266,0.4319424016657446,0.0166443107886129,-0.02062858452088869
250,all-mpnet-base-v2,centroid,prior,fl,cost_norm,prior/fl/cost_norm,0.6940226285239902,0.04771708386054017,0.7000958225075814,0.6922384794348697,0.6822392199832653,0.6238556652472627,0.6434925175872251,0.6968841515650446,0.3194685376969711,-0.39537612174391606
250,all-mpnet-base-v2,centroid,prior,dpp,dpp,prior/dpp/dpp,0.2666917875545187,0.10181990299233289,0.26409090552323494,0.2676717029603921,0.2694517062585348,0.2650253163597559,0.16635838484724277,0.24953902345229342,0.1120136045798097,-0.05341275272810049
250,all-mpnet-base-v2,centroid,prior,mmr,topk,prior/mmr/topk,0.2423912080175796,0.10663760110806182,0.24525801607541795,0.24185503584900028,0.2378390805473524,0.24551054125336222,0.15669383403830944,0.22450514041487482,0.3174020851960072,-2.492407637319613
250,all-mpnet-base-v2,centroid,prior,graphcut,topk,prior/graphcut/topk,0.24239120785731305,0.10663760107291757,0.2452580157789747,0.24185503584900028,0.2378390802534912,0.24551054125336222,0.15669383403830944,0.22450514003112101,0.31740208407139126,-2.492407637319613
250,all-mpnet-base-v2,centroid,prior,fl,topk,prior/fl/topk,0.24239120785731305,0.10663760107291757,0.2452580157789747,0.24185503584900028,0.2378390802534912,0.24551054125336222,0.15669383403830944,0.22450514003112101,0.31740208407139126,-2.492407637319613
250,BAAI/bge-m3,coreset,prior,mmr,greedy,prior/mmr/greedy,0.6630849873124566,0.06356469294021153,0.6567171988133641,0.6636277247891039,0.651827642895407,0.7023972116414277,0.6587252865869448,0.634606561089396,0.23127467578874444,-0.10156911224106392
250,BAAI/bge-m3,coreset,prior,graphcut,greedy,prior/graphcut/greedy,0.6633439449470429,0.06355687107820555,0.6576910963378669,0.6626808506209599,0.6530926129243653,0.7002049457389875,0.6587252865869448,0.6355913157983141,0.23105102285461607,-0.10141847640255532
250,BAAI/bge-m3,coreset,prior,fl,greedy,prior/fl/greedy,0.8032482099070842,0.046892543929576314,0.8034404298124058,0.8008449979909886,0.7968390177859859,0.785992833514088,0.6982294002287455,0.7882967672968288,0.40165800573128574,-0.30547444290440373
250,BAAI/bge-m3,coreset,prior,mmr,cost_norm,prior/mmr/cost_norm,0.702247792235124,0.05325000157650068,0.6960243462159523,0.7078295509123276,0.6954344385828939,0.6963036336868353,0.7384788424021068,0.6810215856627961,0.33556283159919503,-0.126841173480915
250,BAAI/bge-m3,coreset,prior,graphcut,cost_norm,prior/graphcut/cost_norm,0.7013575990618863,0.05324805275765511,0.6950626966343961,0.7070108141474083,0.6954344385828939,0.6963036336868353,0.7384788424021068,0.6805920254943283,0.3354859039328008,-0.12688545214082553
250,BAAI/bge-m3,coreset,prior,fl,cost_norm,prior/fl/cost_norm,0.8084011638360178,0.04490866121080405,0.8071454684482725,0.8075164537568482,0.8027897834565001,0.780915423673576,0.8246936419843621,0.7969870120420163,0.4985005558942849,-0.7855755444967522
250,BAAI/bge-m3,coreset,prior,dpp,dpp,prior/dpp/dpp,0.6575123000819332,0.06859712524093547,0.646578769947685,0.6634906977609581,0.6518723793144751,0.6877098287980116,0.7384788424021068,0.6271424557756915,0.2924791518247353,-0.23354837641064388
250,BAAI/bge-m3,coreset,prior,mmr,topk,prior/mmr/topk,0.6494386033000422,0.06948692481613385,0.6418561187161337,0.6537408217495758,0.6375973273281811,0.6861668638842529,0.7384788424021068,0.6174048286173601,0.36335365966243566,-1.224162394866354
250,BAAI/bge-m3,coreset,prior,graphcut,topk,prior/graphcut/topk,0.6494386033000422,0.06948692481613385,0.6418561187161337,0.6537408217495758,0.6375973273281811,0.6861668638842529,0.7384788424021068,0.6174048286173601,0.36335365966243566,-1.224162394866354
250,BAAI/bge-m3,coreset,prior,fl,topk,prior/fl/topk,0.6494386033000422,0.06948692481613385,0.6418561187161337,0.6537408217495758,0.6375973273281811,0.6861668638842529,0.7384788424021068,0.6174048286173601,0.36335365966243566,-1.224162394866354
250,NovaSearch/stella_en_1.5B_v5,coreset,prior,mmr,greedy,prior/mmr/greedy,0.475821004375001,0.10204629468257134,0.4857250132639056,0.47507253373621994,0.46477885677517966,0.43345098084728334,0.5919772434653,0.44777736873624996,0.06695442685620191,-0.017469934587380546
250,NovaSearch/stella_en_1.5B_v5,coreset,prior,graphcut,greedy,prior/graphcut/greedy,0.47750759889386307,0.10204003108138184,0.4875314900896807,0.4761207891660715,0.46800800117055485,0.43345098084728334,0.5919772434653,0.44999283394853307,0.06676153097310508,-0.0173808069115571
250,NovaSearch/stella_en_1.5B_v5,coreset,prior,fl,greedy,prior/fl/greedy,0.7582624758110413,0.055798266698026434,0.7553079189603962,0.7585511770164869,0.7541573198510173,0.72751613218325,0.6987652584107594,0.7499499539922095,0.2770102116683463,-0.20460656913283728
250,NovaSearch/stella_en_1.5B_v5,coreset,prior,mmr,cost_norm,prior/mmr/cost_norm,0.5686396509820164,0.08146972372635918,0.5640119115761023,0.5746375106393562,0.5616993559877604,0.5509246268421536,0.5919772434653,0.5515705216412629,0.11174708007360404,-0.034135947350995045
250,NovaSearch/stella_en_1.5B_v5,coreset,prior,graphcut,cost_norm,prior/graphcut/cost_norm,0.5684747462875657,0.0815624478888118,0.5639831269120739,0.5745129462306194,0.560230636880539,0.5510194800583333,0.5919772434653,0.5529872655629378,0.11143154823133405,-0.03458846545390127
250,NovaSearch/stella_en_1.5B_v5,coreset,prior,fl,cost_norm,prior/fl/cost_norm,0.7701055739298623,0.05619141911947221,0.769432768199764,0.7690005298627923,0.7622184543226797,0.7585065314745627,0.692744740232744,0.7596692844291227,0.37430523444880853,-0.5853077837788798
250,NovaSearch/stella_en_1.5B_v5,coreset,prior,dpp,dpp,prior/dpp/dpp,0.3940045945321242,0.1121542524581529,0.386556816691228,0.39840500504641385,0.39450942239275333,0.33928809923176284,0.3780138655745816,0.3574789817564573,0.17440518373096325,-0.08152864732738085
250,NovaSearch/stella_en_1.5B_v5,coreset,prior,mmr,topk,prior/mmr/topk,0.36009661193969006,0.11500162316732249,0.35137796943158855,0.36213543157584105,0.3549579875470402,0.34645785949768454,0.3780138655745816,0.3229895886743818,0.2908428097670933,-1.478449993866942
250,NovaSearch/stella_en_1.5B_v5,coreset,prior,graphcut,topk,prior/graphcut/topk,0.36009661193969006,0.11500162316732249,0.35137796943158855,0.36213543157584105,0.3549579875470402,0.34645785949768454,0.3780138655745816,0.3229895886743818,0.2908428097670933,-1.478449993866942
250,NovaSearch/stella_en_1.5B_v5,coreset,prior,fl,topk,prior/fl/topk,0.36009661193969006,0.11500162316732249,0.35137796943158855,0.36213543157584105,0.3549579875470402,0.34645785949768454,0.3780138655745816,0.3229895886743818,0.2908428097670933,-1.478449993866942
250,all-MiniLM-L6-v2,coreset,prior,mmr,greedy,prior/mmr/greedy,0.3357262364568023,0.12100265090757946,0.33085976331982175,0.32668320609686485,0.36772838241928324,0.34848041934887636,0.28875478805668886,0.3278637119201853,-0.007659340873530864,-0.004803332353895725
250,all-MiniLM-L6-v2,coreset,prior,graphcut,greedy,prior/graphcut/greedy,0.33434668961969843,0.12093998902951772,0.32957741756610553,0.32462105204248193,0.36779392480637607,0.34848041934887636,0.28875478805668886,0.32593388126468453,-0.007949674797309167,-0.004901285712490545
250,all-MiniLM-L6-v2,coreset,prior,fl,greedy,prior/fl/greedy,0.6384705052839803,0.07425131051326697,0.6538978589428823,0.6316868035095299,0.6144835345697005,0.5719324386081176,0.6087506007793225,0.6571384495734105,0.2579512994490423,-0.16546826322087058
250,all-MiniLM-L6-v2,coreset,prior,mmr,cost_norm,prior/mmr/cost_norm,0.4508866531378356,0.09724090663048457,0.45183422890997715,0.4509336202202036,0.450387174541723,0.43141115909849265,0.28875478805668886,0.4517326530370457,0.014067416430235718,-0.016359703520284916
250,all-MiniLM-L6-v2,coreset,prior,graphcut,cost_norm,prior/graphcut/cost_norm,0.4448864327995673,0.09656304860803878,0.4440536234058989,0.44675166560340246,0.44714963156811915,0.4274407608243678,0.28875478805668886,0.4466152622470422,0.010893037085825542,-0.01724109256292864
250,all-MiniLM-L6-v2,coreset,prior,fl,cost_norm,prior/fl/cost_norm,0.6577493918119239,0.07236739448359553,0.6644647837929749,0.6544327721190998,0.6474906661952768,0.6257870752732362,0.5561969523673795,0.6744568393440252,0.282266503766636,-0.34050325530950193
250,all-MiniLM-L6-v2,coreset,prior,dpp,dpp,prior/dpp/dpp,0.2731100450270215,0.13569431049081515,0.2750010681970383,0.268025163781067,0.2909419619482702,0.3196647050300143,0.2470624981367661,0.25728152735938803,0.09984621772199939,-0.03681862749178858
250,all-MiniLM-L6-v2,coreset,prior,mmr,topk,prior/mmr/topk,0.2403134117502954,0.1382700918628922,0.23738522566287243,0.2404113441432895,0.25092723732086475,0.27504216382554236,0.2470624981367661,0.22526519221431582,0.23173337315762732,-1.8068187780430658
250,all-MiniLM-L6-v2,coreset,prior,graphcut,topk,prior/graphcut/topk,0.2403134117502954,0.1382700918628922,0.23738522566287243,0.2404113441432895,0.25092723732086475,0.27504216382554236,0.2470624981367661,0.22526519221431582,0.23173337315762732,-1.8068187780430658
250,all-MiniLM-L6-v2,coreset,prior,fl,topk,prior/fl/topk,0.2403134117502954,0.1382700918628922,0.23738522566287243,0.2404113441432895,0.25092723732086475,0.27504216382554236,0.2470624981367661,0.22526519221431582,0.23173337315762732,-1.8068187780430658
250,google/embeddinggemma-300m,coreset,prior,mmr,greedy,prior/mmr/greedy,0.5131995540071835,0.09189494766013802,0.5115132425564015,0.507938006194307,0.511300991033929,0.5326241213840627,0.5680453940102395,0.4873330380080886,0.10257546361623648,-0.02223115479200704
250,google/embeddinggemma-300m,coreset,prior,graphcut,greedy,prior/graphcut/greedy,0.5118185842172839,0.09185015100915477,0.509624513475648,0.5070335183405832,0.5112615327697733,0.5332270526675467,0.5680453940102395,0.48620277613768403,0.10191792264176568,-0.021862696467701746
250,google/embeddinggemma-300m,coreset,prior,fl,greedy,prior/fl/greedy,0.716432778421597,0.06444147978645731,0.7195624368574105,0.7087587942239901,0.7050845200942443,0.6987344560344984,0.7187523713116982,0.7086721320418484,0.2982239512340078,-0.1828067619530675
250,google/embeddinggemma-300m,coreset,prior,mmr,cost_norm,prior/mmr/cost_norm,0.5652929472270793,0.0765619690371853,0.5607477457290805,0.5727559057433832,0.5433095413182931,0.567312363623246,0.47348462621983345,0.5420128492106984,0.1434907428656687,-0.03584634883022858
250,google/embeddinggemma-300m,coreset,prior,graphcut,cost_norm,prior/graphcut/cost_norm,0.5638495854195215,0.0765205761066304,0.5600760073704032,0.5700453638996953,0.5435835245010854,0.567312363623246,0.47348462621983345,0.5404303707792614,0.14309306018370785,-0.03581317800194912
250,google/embeddinggemma-300m,coreset,prior,fl,cost_norm,prior/fl/cost_norm,0.7248356924389343,0.061338918810745456,0.7264288436915829,0.7194836001026516,0.7120913675846693,0.7039979796603201,0.6723099404874368,0.7158594355368079,0.371698861063089,-0.45114590178401964
250,google/embeddinggemma-300m,coreset,prior,dpp,dpp,prior/dpp/dpp,0.5071629207604008,0.09981650335468212,0.502432879471654,0.504975806248545,0.5093970779424918,0.532881966816592,0.537581904658037,0.47370271381933643,0.1795002706348896,-0.06625605573428117
250,google/embeddinggemma-300m,coreset,prior,mmr,topk,prior/mmr/topk,0.497433398719574,0.10061044855711032,0.49364599165728734,0.4943129568076672,0.4950746939043416,0.5244882600558332,0.537581904658037,0.46164556872275664,0.24804482732038452,-0.8618960404827084
250,google/embeddinggemma-300m,coreset,prior,graphcut,topk,prior/graphcut/topk,0.497433398719574,0.10061044855711032,0.49364599165728734,0.4943129568076672,0.4950746939043416,0.5244882600558332,0.537581904658037,0.46164556872275664,0.24804482732038452,-0.8618960404827084
250,google/embeddinggemma-300m,coreset,prior,fl,topk,prior/fl/topk,0.497433398719574,0.10061044855711032,0.49364599165728734,0.4943129568076672,0.4950746939043416,0.5244882600558332,0.537581904658037,0.46164556872275664,0.24804482732038452,-0.8618960404827084
250,Qwen/Qwen3-Embedding-0.6B,coreset,prior,mmr,greedy,prior/mmr/greedy,0.7558120008071272,0.03425392830955251,0.7504775133906684,0.758264450018388,0.7446696572385174,0.7602666914050062,0.7451980868295721,0.7410932465337727,0.3291956755631375,-0.24731777647067962
250,Qwen/Qwen3-Embedding-0.6B,coreset,prior,graphcut,greedy,prior/graphcut/greedy,0.7561102384772409,0.03424965824826427,0.7510484425608602,0.758262054500644,0.7452788247919259,0.7602666914050062,0.7451980868295721,0.7413483852241058,0.3292461521220657,-0.25052726335557046
250,Qwen/Qwen3-Embedding-0.6B,coreset,prior,fl,greedy,prior/fl/greedy,0.9112597070799471,0.019843145840326853,0.9112591996963129,0.9095096223683385,0.9118795391818721,0.8961352006204268,0.8392008909596225,0.8998051698277577,0.522621141570919,-0.7154202511851855
250,Qwen/Qwen3-Embedding-0.6B,coreset,prior,mmr,cost_norm,prior/mmr/cost_norm,0.8012602915704242,0.028299784415208223,0.7976572506952975,0.8040433286877724,0.7930357516696986,0.7825857717352345,0.7673232662077083,0.7845833522992853,0.521359068745712,-0.3264606444621986
250,Qwen/Qwen3-Embedding-0.6B,coreset,prior,graphcut,cost_norm,prior/graphcut/cost_norm,0.8012602915704242,0.028299784415208223,0.7976572506952975,0.8040433286877724,0.7930357516696986,0.7825857717352345,0.7673232662077083,0.7845833522992853,0.521359068745712,-0.3264606444621986
250,Qwen/Qwen3-Embedding-0.6B,coreset,prior,fl,cost_norm,prior/fl/cost_norm,0.9122595972287479,0.02035312586077401,0.9107730982718166,0.912300672690705,0.910905816701446,0.9021396853415138,0.8541524877029156,0.9026690337687092,0.7278924620938751,-1.881640778959922
250,Qwen/Qwen3-Embedding-0.6B,coreset,prior,dpp,dpp,prior/dpp/dpp,0.7350935828417855,0.03736613339410638,0.7325431084761226,0.7348288029563,0.729150172214779,0.7398651489290355,0.7163876947878427,0.7153916958788868,0.38401638646170777,-0.3545052828092962
250,Qwen/Qwen3-Embedding-0.6B,coreset,prior,mmr,topk,prior/mmr/topk,0.7260978298352289,0.03808732665548066,0.7234931596758034,0.7260647038640469,0.7207702964424028,0.7184083705729438,0.7163876947878427,0.705895072277885,0.46793638844535035,-1.5805418712070871
250,Qwen/Qwen3-Embedding-0.6B,coreset,prior,graphcut,topk,prior/graphcut/topk,0.7260978298352289,0.03808732665548066,0.7234931596758034,0.7260647038640469,0.7207702964424028,0.7184083705729438,0.7163876947878427,0.705895072277885,0.46793638844535035,-1.5805418712070871
250,Qwen/Qwen3-Embedding-0.6B,coreset,prior,fl,topk,prior/fl/topk,0.7260978298352289,0.03808732665548066,0.7234931596758034,0.7260647038640469,0.7207702964424028,0.7184083705729438,0.7163876947878427,0.705895072277885,0.46793638844535035,-1.5805418712070871
250,all-mpnet-base-v2,coreset,prior,mmr,greedy,prior/mmr/greedy,0.3462299604883027,0.11633806851393771,0.33937885110704863,0.3489917071916107,0.36563882566566,0.3165367089406871,0.229773947578033,0.32572908658608146,0.00737611637023807,-0.06899515853925048
250,all-mpnet-base-v2,coreset,prior,graphcut,greedy,prior/graphcut/greedy,0.3481043052165269,0.11620791952283878,0.3412695534510502,0.3518622072619541,0.36704958783370917,0.3165367089406871,0.229773947578033,0.3262254820551056,0.006633025871708941,-0.06897791815933106
250,all-mpnet-base-v2,coreset,prior,fl,greedy,prior/fl/greedy,0.6676107357554967,0.06533741057446261,0.6708404339222463,0.664801413962218,0.6606602997338584,0.6471238629847614,0.5389512074748843,0.6864709981727004,0.273273603138426,-0.1735089266784521
250,all-mpnet-base-v2,coreset,prior,mmr,cost_norm,prior/mmr/cost_norm,0.46137280286248034,0.09176863078027964,0.4626740401350452,0.45811466087435126,0.46559127379275966,0.42991088264003036,0.31733100324093827,0.45004945419563447,0.03046433341660304,-0.023442625611895872
250,all-mpnet-base-v2,coreset,prior,graphcut,cost_norm,prior/graphcut/cost_norm,0.46272532734949356,0.0912530530103535,0.46261758007832254,0.46317139097825916,0.4576137088284366,0.4233477790157716,0.31733100324093827,0.45023940385039113,0.025253051233517426,-0.021818778889585992
250,all-mpnet-base-v2,coreset,prior,fl,cost_norm,prior/fl/cost_norm,0.6940866086101125,0.06636236451636508,0.6976630203223846,0.6979640913351051,0.6787489906493329,0.650887070749157,0.6436194783455693,0.7070171314769578,0.32653659374787,-0.42612317432913016
250,all-mpnet-base-v2,coreset,prior,dpp,dpp,prior/dpp/dpp,0.3110372401427878,0.13031664300920828,0.30651664811485607,0.31095833647479826,0.32427709219987333,0.3352643384373415,0.29173955757056963,0.2887668324966806,0.10538437617706566,-0.15433723310328243
250,all-mpnet-base-v2,coreset,prior,mmr,topk,prior/mmr/topk,0.27259437113680357,0.13334799839078254,0.2705757186377535,0.2721864456258859,0.2739473831501041,0.3107959439330011,0.29173955757056963,0.25215007601143213,0.2660504666902235,-2.2718627511286957
250,all-mpnet-base-v2,coreset,prior,graphcut,topk,prior/graphcut/topk,0.27259437113680357,0.13334799839078254,0.2705757186377535,0.2721864456258859,0.2739473831501041,0.3107959439330011,0.29173955757056963,0.25215007601143213,0.2660504666902235,-2.2718627511286957
250,all-mpnet-base-v2,coreset,prior,fl,topk,prior/fl/topk,0.27259437113680357,0.13334799839078254,0.2705757186377535,0.2721864456258859,0.2739473831501041,0.3107959439330011,0.29173955757056963,0.25215007601143213,0.2660504666902235,-2.2718627511286957
500,BAAI/bge-m3,centroid,prior,mmr,greedy,prior/mmr/greedy,0.7083641881968319,0.026085277360354393,0.7049083538196329,0.7101962149659827,0.7058533101290918,0.6926709453212985,0.6398941924436397,0.6919924229928618,0.32706138807928786,-0.43302902979951985
500,BAAI/bge-m3,centroid,prior,graphcut,greedy,prior/graphcut/greedy,0.7090258313058405,0.025987604136561166,0.7070033625442601,0.7081114089686003,0.7065713782846851,0.6950801617413694,0.6398941924436397,0.6954067657567403,0.32442060169183984,-0.5020632372712189
500,BAAI/bge-m3,centroid,prior,fl,greedy,prior/fl/greedy,0.8343353132995991,0.019118026210838614,0.8358734882206191,0.8333757112828364,0.8220026004886151,0.8184157344381545,0.8046166471054438,0.8203892972915963,0.5257821860459616,-0.9110418060478175
500,BAAI/bge-m3,centroid,prior,mmr,cost_norm,prior/mmr/cost_norm,0.7201848307282772,0.025033203234790632,0.7135696775349453,0.7227455103717063,0.7173672034330607,0.6788994632583029,0.6464603743163923,0.6970334920394036,0.36462680672137243,-0.3050622814598511
500,BAAI/bge-m3,centroid,prior,graphcut,cost_norm,prior/graphcut/cost_norm,0.7211888932115916,0.025080311990712048,0.714840240060022,0.7230787391724078,0.7177918203215655,0.6787893120341706,0.6464603743163923,0.6996554122612598,0.36265105487040755,-0.30367052375848563
500,BAAI/bge-m3,centroid,prior,fl,cost_norm,prior/fl/cost_norm,0.8467089839474893,0.019485027841204462,0.8493194882769587,0.8445934841568862,0.8373888578631795,0.8343467813912455,0.8029351702847273,0.8329686086858105,0.48670270856259,-2.358529380469952
500,BAAI/bge-m3,centroid,prior,dpp,dpp,prior/dpp/dpp,0.6663268802324911,0.034110767090306526,0.6622080160704419,0.6714383379035693,0.6563803519846234,0.6269342294293389,0.6763068643728368,0.6323079051224697,0.4531785251115853,-0.7321251994877491
500,BAAI/bge-m3,centroid,prior,mmr,topk,prior/mmr/topk,0.6490891854425455,0.036371119575188404,0.6457294119568646,0.6514295193554483,0.6462045837633279,0.6403310470922288,0.7289870269788341,0.6176056922990023,0.6551380333191944,-7.2707878675241515
500,BAAI/bge-m3,centroid,prior,graphcut,topk,prior/graphcut/topk,0.6490891854425455,0.036371119575188404,0.6457294119568646,0.6514295193554483,0.6462045837633279,0.6403310470922288,0.7289870269788341,0.6176056922990023,0.6551380333191944,-7.2707878675241515
500,BAAI/bge-m3,centroid,prior,fl,topk,prior/fl/topk,0.6490891854425455,0.03637111959276053,0.6457294119568646,0.6514295193554483,0.6462045837633279,0.6403310470922288,0.7289870269788341,0.6176056922990023,0.6551380333191944,-7.2707878675241515
500,NovaSearch/stella_en_1.5B_v5,centroid,prior,mmr,greedy,prior/mmr/greedy,0.6077245317523631,0.0632290440295243,0.6122874830139038,0.6097219277349691,0.5918510600963842,0.6099771462506393,0.570075823668639,0.5840376581545856,0.12109621343607048,-0.08814882530531065
500,NovaSearch/stella_en_1.5B_v5,centroid,prior,graphcut,greedy,prior/graphcut/greedy,0.6051062673104535,0.06246882078747423,0.6098149117395936,0.6056187726877319,0.5885903227843958,0.6069620916344808,0.570075823668639,0.5843047638374003,0.11415667129012774,-0.08366973441128295
500,NovaSearch/stella_en_1.5B_v5,centroid,prior,fl,greedy,prior/fl/greedy,0.7995977516756317,0.04062670565052134,0.8001719324442583,0.7998942146435566,0.7900268948206903,0.7611730191246777,0.7262212613476065,0.7923848323549271,0.37993140492307126,-0.6821727762520445
500,NovaSearch/stella_en_1.5B_v5,centroid,prior,mmr,cost_norm,prior/mmr/cost_norm,0.6144934914703163,0.05786562005479662,0.6106552055179705,0.6168834631851153,0.6068555824793854,0.6701537341574307,0.5692207087653216,0.5983095876660793,0.1440821595771133,-0.09530667289278803
500,NovaSearch/stella_en_1.5B_v5,centroid,prior,graphcut,cost_norm,prior/graphcut/cost_norm,0.6194110205528808,0.05740432765440277,0.6196241521874548,0.6236839477421222,0.6054961716755336,0.6597631804322569,0.47667512897021397,0.6032028477035299,0.13640778223579786,-0.08334758921574696
500,NovaSearch/stella_en_1.5B_v5,centroid,prior,fl,cost_norm,prior/fl/cost_norm,0.8217280033357995,0.03864912041638679,0.8236482661075873,0.820763199613242,0.8196691439381925,0.7978752569572284,0.7304924851831833,0.8099592021272973,0.37487136305503127,-1.93630857372059
500,NovaSearch/stella_en_1.5B_v5,centroid,prior,dpp,dpp,prior/dpp/dpp,0.46783596992265003,0.08316304068133798,0.462799791386814,0.4683225942050612,0.4694816916386607,0.4589070660385027,0.4699198952612474,0.4323188455293132,0.27431623391666504,-0.36487960661014646
500,NovaSearch/stella_en_1.5B_v5,centroid,prior,mmr,topk,prior/mmr/topk,0.41533384859155276,0.0872509576257248,0.4142399717247506,0.41293101262034904,0.4093780831509209,0.36601499942995414,0.33810257275460665,0.38177887365322655,0.46113165359030356,-6.202312338945702
500,NovaSearch/stella_en_1.5B_v5,centroid,prior,graphcut,topk,prior/graphcut/topk,0.41533384859155276,0.08725095763451086,0.4142399717247506,0.41293101262034904,0.4093780831509209,0.36601499942995414,0.33810257275460665,0.38177887365322655,0.46113165359030356,-6.202312338945702
500,NovaSearch/stella_en_1.5B_v5,centroid,prior,fl,topk,prior/fl/topk,0.41533384859155276,0.08725095763451086,0.4142399717247506,0.41293101262034904,0.4093780831509209,0.36601499942995414,0.33810257275460665,0.38177887365322655,0.46113165359030356,-6.202312338945702
500,all-MiniLM-L6-v2,centroid,prior,mmr,greedy,prior/mmr/greedy,0.4469861279502176,0.07941655558094664,0.4618762067263817,0.4387243006145884,0.422468430628394,0.398776056678025,0.28041329436478085,0.43209237670911665,-0.0019552462765788287,-0.02569340946282401
500,all-MiniLM-L6-v2,centroid,prior,graphcut,greedy,prior/graphcut/greedy,0.4505606376684952,0.07907220271398437,0.46186806233631283,0.43944025197015685,0.435544999044687,0.42409069606858296,0.30436834734606416,0.43865916197004495,-0.008535501387498543,-0.028939840399203293
500,all-MiniLM-L6-v2,centroid,prior,fl,greedy,prior/fl/greedy,0.6853717472890933,0.05631254257563994,0.6991529165399571,0.6866340646344199,0.6628145310091167,0.6357106183479592,0.5388904178515622,0.7035186837895561,0.303727134394477,-0.48787641364044315
500,all-MiniLM-L6-v2,centroid,prior,mmr,cost_norm,prior/mmr/cost_norm,0.48811689508723205,0.07300824350413848,0.4957615839745383,0.47987469576762526,0.4965349879028728,0.4260195266667931,0.3505502811392739,0.4809887364474674,0.029583774878256867,-0.040076211637395595
500,all-MiniLM-L6-v2,centroid,prior,graphcut,cost_norm,prior/graphcut/cost_norm,0.4846589367433625,0.0722119411067018,0.48517158774161223,0.478461150380764,0.4825472870079548,0.48302050309066824,0.33089770791327255,0.48037447315944376,0.02037468833844647,-0.05148921264028001
500,all-MiniLM-L6-v2,centroid,prior,fl,cost_norm,prior/fl/cost_norm,0.7308396599219138,0.05632503174315646,0.7374889094717818,0.7314166138351931,0.7103914656372335,0.7222649756304655,0.6965058274685395,0.7422692986524141,0.25371253933265525,-1.1535559902494807
500,all-MiniLM-L6-v2,centroid,prior,dpp,dpp,prior/dpp/dpp,0.2716739269884678,0.1004290995275918,0.27123755347037626,0.277836373485076,0.2640706056332174,0.28167748351555966,0.2058292227060773,0.2475879921399707,0.17918578318357556,-0.23844738362355922
500,all-MiniLM-L6-v2,centroid,prior,mmr,topk,prior/mmr/topk,0.2380660248287668,0.1093915679298763,0.23376465133794427,0.23841261291242588,0.24442312977937156,0.24258503044462645,0.2058292227060773,0.22235072379874213,0.5066381655282007,-9.549728248514375
500,all-MiniLM-L6-v2,centroid,prior,graphcut,topk,prior/graphcut/topk,0.2380660248287668,0.1093915679298763,0.23376465133794427,0.23841261291242588,0.24442312977937156,0.24258503044462645,0.2058292227060773,0.22235072379874213,0.5066381655282007,-9.549728248514375
500,all-MiniLM-L6-v2,centroid,prior,fl,topk,prior/fl/topk,0.2380660248287668,0.1093915679298763,0.23376465133794427,0.23841261291242588,0.24442312977937156,0.24258503044462645,0.2058292227060773,0.22235072379874213,0.5066381655282007,-9.549728248514375
500,google/embeddinggemma-300m,centroid,prior,mmr,greedy,prior/mmr/greedy,0.5679467272225184,0.04559765408202162,0.5677278193959706,0.5695913615845981,0.5530361933246015,0.5492425521435457,0.5544646199014558,0.546247438659664,0.13861289000707538,-0.08972599494827785
500,google/embeddinggemma-300m,centroid,prior,graphcut,greedy,prior/graphcut/greedy,0.5675893704763986,0.04545898154764524,0.5691758825295299,0.5667362508977821,0.5520945115103144,0.549796907953775,0.5962892076068351,0.5474228694428981,0.13526689534170008,-0.09110957235145098
500,google/embeddinggemma-300m,centroid,prior,fl,greedy,prior/fl/greedy,0.7606406371384419,0.033748114683647766,0.7649598370266724,0.7561725404966103,0.7462073006192992,0.7312467966991109,0.6878030222735612,0.7548161890390616,0.40096328815199295,-0.5946696007378259
500,google/embeddinggemma-300m,centroid,prior,mmr,cost_norm,prior/mmr/cost_norm,0.5925177336115738,0.04273174190893769,0.5879765495947006,0.5921733762406836,0.5778322817885897,0.620554113071405,0.5032999442405736,0.5632848618337453,0.1637346987384108,-0.09190654842499292
500,google/embeddinggemma-300m,centroid,prior,graphcut,cost_norm,prior/graphcut/cost_norm,0.5854964699008244,0.04273128935645493,0.5812465509103751,0.5835758509639224,0.5764904142003093,0.5943411981262187,0.5032999442405736,0.5597531224370818,0.15955718069003438,-0.09126243141110775
500,google/embeddinggemma-300m,centroid,prior,fl,cost_norm,prior/fl/cost_norm,0.7805750942538209,0.03363147740832196,0.7837811189644671,0.7786732845247113,0.7689126538262406,0.7517505908372505,0.7420828526706922,0.7711390360289789,0.35695127636756535,-1.4378030235474963
500,google/embeddinggemma-300m,centroid,prior,dpp,dpp,prior/dpp/dpp,0.5284479727139327,0.05628885639796279,0.5256463697173791,0.5289344707954606,0.515259036033011,0.5333754635105372,0.5056219224150335,0.49201663556069425,0.2813008433067293,-0.3112971228448551
500,google/embeddinggemma-300m,centroid,prior,mmr,topk,prior/mmr/topk,0.4970168430292909,0.059517084120087466,0.49098049813778166,0.5037906799962647,0.4888393856080656,0.5019146535179814,0.5718288938282149,0.4606637984180309,0.5211904041187944,-6.140853414116515
500,google/embeddinggemma-300m,centroid,prior,graphcut,topk,prior/graphcut/topk,0.4970168430292909,0.059517084120087466,0.49098049813778166,0.5037906799962647,0.4888393856080656,0.5019146535179814,0.5718288938282149,0.4606637984180309,0.5211904041187944,-6.140853414116515
500,google/embeddinggemma-300m,centroid,prior,fl,topk,prior/fl/topk,0.4970168430292909,0.059517084120087466,0.49098049813778166,0.5037906799962647,0.4888393856080656,0.5019146535179814,0.5718288938282149,0.4606637984180309,0.5211904041187944,-6.140853414116515
500,Qwen/Qwen3-Embedding-0.6B,centroid,prior,mmr,greedy,prior/mmr/greedy,0.8025246664104576,0.018169908547106216,0.7993928339845704,0.804179920279674,0.7967664287819193,0.7870619286306867,0.8299019452118178,0.7928163047548167,0.49101839664409747,-0.8572086703102544
500,Qwen/Qwen3-Embedding-0.6B,centroid,prior,graphcut,greedy,prior/graphcut/greedy,0.7989852955518779,0.018269328172055056,0.7966460932995085,0.8008540961415773,0.7929479181146014,0.7848498910319939,0.8299019452118178,0.79079165868293,0.48600625766898103,-0.7908990568709824
500,Qwen/Qwen3-Embedding-0.6B,centroid,prior,fl,greedy,prior/fl/greedy,0.9259657335847588,0.010956682317521213,0.9270824036965412,0.9230107674846981,0.9234238377454115,0.9169574840538891,0.8579234696764956,0.9143581985018527,0.7440385601992877,-2.1356953261595852
500,Qwen/Qwen3-Embedding-0.6B,centroid,prior,mmr,cost_norm,prior/mmr/cost_norm,0.8209754793129549,0.017085566339170875,0.8212309047479812,0.8189793997094305,0.8164196709995825,0.7939620939952611,0.8072807519326695,0.8110680875409547,0.5515395192042837,-0.6878416034270007
500,Qwen/Qwen3-Embedding-0.6B,centroid,prior,graphcut,cost_norm,prior/graphcut/cost_norm,0.820595173935028,0.017084998324654013,0.820917232597866,0.8179022319190127,0.8184292238363767,0.7911424156975239,0.8072807519326695,0.8113726773637308,0.5510972637050556,-0.6916212163303258
500,Qwen/Qwen3-Embedding-0.6B,centroid,prior,fl,cost_norm,prior/fl/cost_norm,0.9315532595940773,0.011209166549444902,0.9299637302640402,0.9312264176321018,0.9314576080101954,0.9232959247733711,0.8753892180336994,0.9241262202713341,0.7085612778956035,-5.090897171002514
500,Qwen/Qwen3-Embedding-0.6B,centroid,prior,dpp,dpp,prior/dpp/dpp,0.7626280590955075,0.023731534356110782,0.7624526122222068,0.7607082527232156,0.7672804971447499,0.7525368808422523,0.7468937068087288,0.7426097439674529,0.5926963885156613,-1.259669858892009
500,Qwen/Qwen3-Embedding-0.6B,centroid,prior,mmr,topk,prior/mmr/topk,0.7486649594048285,0.025407874319737532,0.7472041918078959,0.746910594849807,0.7530500777342719,0.7495801939974578,0.7950945746963063,0.7287590635344542,0.7484799842789488,-7.727014426282555
500,Qwen/Qwen3-Embedding-0.6B,centroid,prior,graphcut,topk,prior/graphcut/topk,0.7486649594048285,0.025407874319737532,0.7472041918078959,0.746910594849807,0.7530500777342719,0.7495801939974578,0.7950945746963063,0.7287590635344542,0.7484799842789488,-7.727014426282555
500,Qwen/Qwen3-Embedding-0.6B,centroid,prior,fl,topk,prior/fl/topk,0.7486649594048285,0.025407874319737532,0.7472041918078959,0.746910594849807,0.7530500777342719,0.7495801939974578,0.7950945746963063,0.7287590635344542,0.7484799842789488,-7.727014426282555
500,all-mpnet-base-v2,centroid,prior,mmr,greedy,prior/mmr/greedy,0.4491410100493831,0.0770265548226406,0.4412386379374224,0.45398854037662495,0.44771751261631965,0.41792481493081457,0.16666176389946122,0.4397208591679066,0.006147947407987645,-0.02399371292437669
500,all-mpnet-base-v2,centroid,prior,graphcut,greedy,prior/graphcut/greedy,0.4408295899228696,0.07628868996464419,0.4315917447745593,0.44651296415479125,0.43825875222874033,0.42822166010847673,0.16666176389946122,0.4255534069875599,0.0011182408818984975,-0.027059252670183914
500,all-mpnet-base-v2,centroid,prior,fl,greedy,prior/fl/greedy,0.7252399520145345,0.05071746877763631,0.7285051145294683,0.7232989846958615,0.7172972593434221,0.6772776033315389,0.5389512074748843,0.7374582675958123,0.3493439405980819,-0.5445308815819686
500,all-mpnet-base-v2,centroid,prior,mmr,cost_norm,prior/mmr/cost_norm,0.49106954257925933,0.07100037849104067,0.48473326776860126,0.49443187916084763,0.49877253177999115,0.47120926578750016,0.37726533404342133,0.48542709638467835,0.03784928941937358,-0.045808237125352466
500,all-mpnet-base-v2,centroid,prior,graphcut,cost_norm,prior/graphcut/cost_norm,0.5019126154346425,0.06868381190271873,0.49548502970767244,0.5091885313115292,0.500583774901848,0.4802191371904059,0.37726533404342133,0.4933198439249997,0.02883102582138304,-0.05165491386575906
500,all-mpnet-base-v2,centroid,prior,fl,cost_norm,prior/fl/cost_norm,0.756958521714759,0.051883237559418635,0.7686014774420273,0.748137706970063,0.7454600317135205,0.7349139239251976,0.5462371377877413,0.7627878932566432,0.2858258715988892,-1.3431794865513749
500,all-mpnet-base-v2,centroid,prior,dpp,dpp,prior/dpp/dpp,0.31881699802417096,0.09680510291232253,0.310630984495553,0.3238832140021435,0.31895628576883794,0.3425679363165489,0.2983326641404636,0.29708301091731254,0.1756528124986392,-0.22249596862808038
500,all-mpnet-base-v2,centroid,prior,mmr,topk,prior/mmr/topk,0.26068389073309467,0.10826157855818856,0.2521316566124693,0.2654180511667302,0.2578978475279375,0.2872582529857897,0.2983326641404636,0.24534545036063107,0.5331793964735039,-8.487810569162011
500,all-mpnet-base-v2,centroid,prior,graphcut,topk,prior/graphcut/topk,0.2606838909531347,0.10826157855818856,0.25213165692302886,0.2654180513035719,0.2578978478670081,0.2872582529857897,0.2983326641404636,0.24534545074438488,0.5331793964735039,-8.486308424150542
500,all-mpnet-base-v2,centroid,prior,fl,topk,prior/fl/topk,0.26068389073309467,0.10826157855818856,0.2521316566124693,0.2654180511667302,0.2578978475279375,0.2872582529857897,0.2983326641404636,0.24534545036063107,0.5331793964735039,-8.487810569162011
500,BAAI/bge-m3,coreset,prior,mmr,greedy,prior/mmr/greedy,0.7183774834929034,0.05540153807696869,0.7169198107101937,0.7235174320699005,0.7016204142526452,0.6907483693349998,0.8114658258233324,0.697070743964602,0.32900796106682634,-0.3720494892167033
500,BAAI/bge-m3,coreset,prior,graphcut,greedy,prior/graphcut/greedy,0.7179996581323977,0.05512855714187026,0.718697955238288,0.7210795132747508,0.7050726927295409,0.7110705688428011,0.6192429942861265,0.6992225574020527,0.3234493097747272,-0.3511503360954658
500,BAAI/bge-m3,coreset,prior,fl,greedy,prior/fl/greedy,0.8357040606101644,0.05024033693491288,0.8382199782176325,0.8332375093168373,0.8240457497758874,0.8239329613575983,0.8046166471054438,0.821381633069026,0.5271056862372272,-0.960269809612688
500,BAAI/bge-m3,coreset,prior,mmr,cost_norm,prior/mmr/cost_norm,0.7283023762211993,0.05022713312668339,0.7213255967337026,0.7336788199892315,0.7219719756085555,0.7194323311415018,0.6924736280799568,0.7096792866417295,0.3696542253612347,-0.3364577326080147
500,BAAI/bge-m3,coreset,prior,graphcut,cost_norm,prior/graphcut/cost_norm,0.726719680869895,0.05004494059128019,0.7201476656700143,0.7334989071878883,0.7185710297185213,0.7217642557146651,0.7017899795041034,0.707572580588245,0.36802581423577274,-0.3368312418812288
500,BAAI/bge-m3,coreset,prior,fl,cost_norm,prior/fl/cost_norm,0.8470920202457465,0.04628856798177058,0.8508135989470559,0.8447143522158287,0.834144095905848,0.8369360295465345,0.7764277282291075,0.8366891609586611,0.48909300931219785,-2.343564901711806
500,BAAI/bge-m3,coreset,prior,dpp,dpp,prior/dpp/dpp,0.7229211045954881,0.06693913806054108,0.715929226928867,0.7285878488970483,0.7178487358657077,0.6935161845782313,0.6277933868660879,0.6922153348005179,0.4120498353017951,-0.5718545918967927
500,BAAI/bge-m3,coreset,prior,mmr,topk,prior/mmr/topk,0.6803058405109473,0.0693479688082523,0.6753166227966967,0.6831651170187895,0.6767117820113309,0.6828158681893276,0.6277933868660879,0.6472633368719949,0.5670684397501765,-5.925829447841026
500,BAAI/bge-m3,coreset,prior,graphcut,topk,prior/graphcut/topk,0.6803058405109473,0.0693479688082523,0.6753166227966967,0.6831651170187895,0.6767117820113309,0.6828158681893276,0.6277933868660879,0.6472633368719949,0.5670684397501765,-5.925829447841026
500,BAAI/bge-m3,coreset,prior,fl,topk,prior/fl/topk,0.6803058405109473,0.0693479688082523,0.6753166227966967,0.6831651170187895,0.6767117820113309,0.6828158681893276,0.6277933868660879,0.6472633368719949,0.5670684397501765,-5.925829447841026
500,NovaSearch/stella_en_1.5B_v5,coreset,prior,mmr,greedy,prior/mmr/greedy,0.603225052603051,0.08420480550530385,0.6063049409404485,0.6018693402873146,0.5746497313233228,0.6201273683181611,0.5919772434653,0.5838934367506381,0.13356991956792422,-0.1656302831919533
500,NovaSearch/stella_en_1.5B_v5,coreset,prior,graphcut,greedy,prior/graphcut/greedy,0.6042183046480972,0.08328163398886626,0.6039852153667501,0.6078389749065721,0.5800941592476342,0.6109695551029547,0.6513038166646836,0.5836952627396399,0.12745968229796314,-0.16825625454797352
500,NovaSearch/stella_en_1.5B_v5,coreset,prior,fl,greedy,prior/fl/greedy,0.7994512836719923,0.06395964213769953,0.8009831192585022,0.7979439477420581,0.789819438210159,0.771209855257507,0.7782331490568044,0.7924788844260608,0.3822435888830783,-0.6892291659858288
500,NovaSearch/stella_en_1.5B_v5,coreset,prior,mmr,cost_norm,prior/mmr/cost_norm,0.6056247270801706,0.07927646067977515,0.611126819529393,0.6068887588520591,0.5813278337199399,0.568894037977742,0.5919772434653,0.5817855577401262,0.14718432250028513,-0.09926706912514385
500,NovaSearch/stella_en_1.5B_v5,coreset,prior,graphcut,cost_norm,prior/graphcut/cost_norm,0.6068655208310741,0.07958177173123607,0.6126617859998242,0.6065835561040556,0.5830116129451164,0.5833702416482273,0.5919772434653,0.5874960175209127,0.1386980413687679,-0.093513321085341
500,NovaSearch/stella_en_1.5B_v5,coreset,prior,fl,cost_norm,prior/fl/cost_norm,0.820638687903626,0.05908305718967656,0.8213721394827563,0.8205737362317307,0.8136966477446894,0.815259827258,0.7419447599069815,0.8127342657063003,0.3671156463898578,-1.9049145601830393
500,NovaSearch/stella_en_1.5B_v5,coreset,prior,dpp,dpp,prior/dpp/dpp,0.4995573436692367,0.10580223227657799,0.4986369659008651,0.49869762599162804,0.49919994104330573,0.48269570087901237,0.4745925724624241,0.4629039984703038,0.26276218715422556,-0.38876973362288103
500,NovaSearch/stella_en_1.5B_v5,coreset,prior,mmr,topk,prior/mmr/topk,0.3959777332946388,0.11484111330630083,0.39332688995130316,0.3946537108753677,0.3878702746236094,0.4290612667509682,0.4524345082828265,0.3640044111504285,0.5286447839143703,-7.7447421615811525
500,NovaSearch/stella_en_1.5B_v5,coreset,prior,graphcut,topk,prior/graphcut/topk,0.3959777332946388,0.11484111330630083,0.39332688995130316,0.3946537108753677,0.3878702746236094,0.4290612667509682,0.4524345082828265,0.3640044111504285,0.5286447839143703,-7.7447421615811525
500,NovaSearch/stella_en_1.5B_v5,coreset,prior,fl,topk,prior/fl/topk,0.3959777332946388,0.11484111330630083,0.39332688995130316,0.3946537108753677,0.3878702746236094,0.4290612667509682,0.4524345082828265,0.3640044111504285,0.5286447839143703,-7.7447421615811525
500,all-MiniLM-L6-v2,coreset,prior,mmr,greedy,prior/mmr/greedy,0.438785018801719,0.10666326705788104,0.4436017933915101,0.43211263904185504,0.4475329361408203,0.38273288388396565,0.3147523544005404,0.43291703411858723,0.00528517811766986,-0.027014826575362215
500,all-MiniLM-L6-v2,coreset,prior,graphcut,greedy,prior/graphcut/greedy,0.44439007131473407,0.1042702169913166,0.4487614578111835,0.43630431388961766,0.4523494435547566,0.40572165235445284,0.3003417170981977,0.44220974605806707,-0.0025435900515387985,-0.029240296244166585
500,all-MiniLM-L6-v2,coreset,prior,fl,greedy,prior/fl/greedy,0.6907942097754425,0.08289812552689943,0.7016695008070952,0.6927349767981763,0.6672700900956996,0.654482644085393,0.5388904178515622,0.7081028427741324,0.315967300713484,-0.4540476219608879
500,all-MiniLM-L6-v2,coreset,prior,mmr,cost_norm,prior/mmr/cost_norm,0.5096216892802887,0.09526873509979474,0.511097332079531,0.5031723211391385,0.5146743054527508,0.5138287977230203,0.4659538085228136,0.49548175632568753,0.04226022356235846,-0.06395085251182844
500,all-MiniLM-L6-v2,coreset,prior,graphcut,cost_norm,prior/graphcut/cost_norm,0.49406718875593264,0.09138529556188381,0.4904522373662123,0.492702998532399,0.500220031647327,0.4739477042531801,0.4659538085228136,0.4755292029435921,0.02529412431966811,-0.058144880780502096
500,all-MiniLM-L6-v2,coreset,prior,fl,cost_norm,prior/fl/cost_norm,0.7307204281713563,0.07603302963499753,0.7382556631854245,0.7323951817327218,0.7130806028845944,0.6903991775555947,0.6252225428398375,0.7400387241664004,0.2563685727006984,-1.1205721653576166
500,all-MiniLM-L6-v2,coreset,prior,dpp,dpp,prior/dpp/dpp,0.3709191330795553,0.1331493283077231,0.36692266369409765,0.37303666695809407,0.3733008153146423,0.34378823519606116,0.29962389487507063,0.3457167638403626,0.12620644663012465,-0.11455888687748295
500,all-MiniLM-L6-v2,coreset,prior,mmr,topk,prior/mmr/topk,0.287922762077429,0.1387227930058286,0.2816106972539695,0.2958226288296441,0.27456296485127696,0.32690111102465164,0.29962389487507063,0.2632628724712819,0.397953538990685,-8.129944309315452
500,all-MiniLM-L6-v2,coreset,prior,graphcut,topk,prior/graphcut/topk,0.287922762077429,0.1387227930058286,0.2816106972539695,0.2958226288296441,0.27456296485127696,0.32690111102465164,0.29962389487507063,0.2632628724712819,0.397953538990685,-8.129944309315452
500,all-MiniLM-L6-v2,coreset,prior,fl,topk,prior/fl/topk,0.287922762077429,0.1387227930058286,0.2816106972539695,0.2958226288296441,0.27456296485127696,0.32690111102465164,0.29962389487507063,0.2632628724712819,0.397953538990685,-8.129944309315452
500,google/embeddinggemma-300m,coreset,prior,mmr,greedy,prior/mmr/greedy,0.5836231731834408,0.08042488487894242,0.5787536093396756,0.5861034703011326,0.5648123478099538,0.6071240459164905,0.5221933269944747,0.5549964685952199,0.14542850188664952,-0.09661856488792353
500,google/embeddinggemma-300m,coreset,prior,graphcut,greedy,prior/graphcut/greedy,0.5748371262097215,0.07958073687370655,0.5680792430814371,0.5807483533248903,0.5580652845407483,0.6001650917539059,0.6274028139821498,0.5462620807196715,0.13868181787888115,-0.09065374942946498
500,google/embeddinggemma-300m,coreset,prior,fl,greedy,prior/fl/greedy,0.7590641993676724,0.06992777950956293,0.7642823894024126,0.7529430643700051,0.7439531378827121,0.7387465456509834,0.6878030222735612,0.7544301841066965,0.40482022985816,-0.5751547592885371
500,google/embeddinggemma-300m,coreset,prior,mmr,cost_norm,prior/mmr/cost_norm,0.6013940836187437,0.07360627081350617,0.6050015396288799,0.5982266558549741,0.5887335279241864,0.5830758765271882,0.5836755958552672,0.5795231036265125,0.16597442402732823,-0.0936263786312544
500,google/embeddinggemma-300m,coreset,prior,graphcut,cost_norm,prior/graphcut/cost_norm,0.5986531008964593,0.07286843016989669,0.6029883538479855,0.5943702538495705,0.5827610832943004,0.5959589394521126,0.5860159556955771,0.5770905095818729,0.15844073410163512,-0.08625845192878875
500,google/embeddinggemma-300m,coreset,prior,fl,cost_norm,prior/fl/cost_norm,0.784384970847346,0.06240502871432394,0.7959395304495237,0.7765017150829415,0.7677604325068466,0.7485052657493367,0.7353622801048421,0.7741377169721648,0.3574754619654619,-1.4144426038805045
500,google/embeddinggemma-300m,coreset,prior,dpp,dpp,prior/dpp/dpp,0.5868503116036939,0.09883674543421224,0.5872834395450457,0.5841912290646445,0.5771183992209552,0.5637393009944811,0.5510967300603727,0.5484145685556877,0.248222124745261,-0.2327804403854007
500,google/embeddinggemma-300m,coreset,prior,mmr,topk,prior/mmr/topk,0.5432659601334837,0.10153004860962336,0.5417066153648422,0.5405859013763811,0.5338779194059075,0.5399761519213132,0.5510967300603727,0.507218116984641,0.405281875844834,-4.959413992144379
500,google/embeddinggemma-300m,coreset,prior,graphcut,topk,prior/graphcut/topk,0.5432659601334837,0.10153004860962336,0.5417066153648422,0.5405859013763811,0.5338779194059075,0.5399761519213132,0.5510967300603727,0.507218116984641,0.405281875844834,-4.959413992144379
500,google/embeddinggemma-300m,coreset,prior,fl,topk,prior/fl/topk,0.5432659601334837,0.10153004860962336,0.5417066153648422,0.5405859013763811,0.5338779194059075,0.5399761519213132,0.5510967300603727,0.507218116984641,0.405281875844834,-4.959413992144379
500,Qwen/Qwen3-Embedding-0.6B,coreset,prior,mmr,greedy,prior/mmr/greedy,0.8089385478701793,0.0290111030961545,0.8071535074123529,0.8092792682466365,0.8052113734379965,0.7994705032468302,0.7451980868295721,0.8010091986814114,0.4983184727014236,-0.833981145559898
500,Qwen/Qwen3-Embedding-0.6B,coreset,prior,graphcut,greedy,prior/graphcut/greedy,0.8034924804993023,0.029072998570418864,0.8006208372913912,0.8057357119590021,0.7955144761813214,0.8011204313617619,0.7451980868295721,0.7974608648946601,0.49329150172899355,-0.8703055799640013
500,Qwen/Qwen3-Embedding-0.6B,coreset,prior,fl,greedy,prior/fl/greedy,0.927303163132513,0.021765886111852695,0.9285493429061743,0.9242913527805288,0.9259072802167985,0.9145731792640746,0.8579234696764956,0.9161245677469095,0.7480382548188264,-2.117283086169441
500,Qwen/Qwen3-Embedding-0.6B,coreset,prior,mmr,cost_norm,prior/mmr/cost_norm,0.8327555328942178,0.026647230122624984,0.8318312597439965,0.829905706208945,0.8374688096369411,0.8390529112148511,0.7880023403048076,0.8217265125672686,0.563399758260205,-0.7794145091946395
500,Qwen/Qwen3-Embedding-0.6B,coreset,prior,graphcut,cost_norm,prior/graphcut/cost_norm,0.8325420932901428,0.026657158276066184,0.8308445395775415,0.829348663382557,0.8392945861910761,0.833497659062403,0.7686467179735648,0.822163993930119,0.5630144076246135,-0.7893592642866215
500,Qwen/Qwen3-Embedding-0.6B,coreset,prior,fl,cost_norm,prior/fl/cost_norm,0.9324273298341912,0.02181343965777108,0.9355118025481803,0.9292166742260826,0.9287359899702653,0.9184597766198929,0.8495345022094113,0.9234072352605488,0.7099888715541588,-5.156462809949551
500,Qwen/Qwen3-Embedding-0.6B,coreset,prior,dpp,dpp,prior/dpp/dpp,0.7805930784141881,0.03558662318940854,0.7774799581102775,0.7805726533272032,0.7816593141315287,0.7696631306465022,0.75453174583639,0.7610112432616792,0.582397388259195,-1.158386472296321
500,Qwen/Qwen3-Embedding-0.6B,coreset,prior,mmr,topk,prior/mmr/topk,0.746445996665575,0.03798740589551909,0.7447408617943224,0.7446783409661341,0.7444585271710267,0.7211825311178934,0.7410028316902741,0.7271009252599426,0.7541434887164044,-7.880991956113644
500,Qwen/Qwen3-Embedding-0.6B,coreset,prior,graphcut,topk,prior/graphcut/topk,0.746445996665575,0.03798740589551909,0.7447408617943224,0.7446783409661341,0.7444585271710267,0.7211825311178934,0.7410028316902741,0.7271009252599426,0.7541434887164044,-7.880991956113644
500,Qwen/Qwen3-Embedding-0.6B,coreset,prior,fl,topk,prior/fl/topk,0.746445996665575,0.03798740589551909,0.7447408617943224,0.7446783409661341,0.7444585271710267,0.7211825311178934,0.7410028316902741,0.7271009252599426,0.7541434887164044,-7.880991956113644
500,all-mpnet-base-v2,coreset,prior,mmr,greedy,prior/mmr/greedy,0.46389804489041153,0.09873401617877325,0.45916108605461553,0.4671188020860345,0.46065239040756667,0.4631802663360638,0.36970619644714353,0.4469568259854235,0.016213792723818805,-0.03392940934995798
500,all-mpnet-base-v2,coreset,prior,graphcut,greedy,prior/graphcut/greedy,0.4552617591162505,0.0978011880772856,0.449753395748458,0.4619866271122267,0.4495910631103803,0.4449024338657359,0.36970619644714353,0.43982547587977044,0.009715883651740611,-0.09633408388123599
500,all-mpnet-base-v2,coreset,prior,fl,greedy,prior/fl/greedy,0.7296501328727929,0.07464940896925498,0.7355596744975135,0.7266203858182951,0.718693133519509,0.7023881294887796,0.6201014384858397,0.7389195735928302,0.3497965408330959,-0.5347837830450548
500,all-mpnet-base-v2,coreset,prior,mmr,cost_norm,prior/mmr/cost_norm,0.5129855750674744,0.09057379768774756,0.5143968215928152,0.5152446994633089,0.5000320547184656,0.4921692878489256,0.42494360655920543,0.5057278068978432,0.04501461154338684,-0.04819354432512005
500,all-mpnet-base-v2,coreset,prior,graphcut,cost_norm,prior/graphcut/cost_norm,0.5004719851570484,0.08745691500041845,0.5044279257304698,0.4976730762564003,0.49315236790089545,0.48239445320737384,0.4334581563922325,0.4940560031508247,0.029932324070580094,-0.05457161769890314
500,all-mpnet-base-v2,coreset,prior,fl,cost_norm,prior/fl/cost_norm,0.7551034013578823,0.0705915251922495,0.7595633397969157,0.7537510609905543,0.7527605513804915,0.7106600282190395,0.5316728055818121,0.770949616840555,0.2879870171254536,-1.3290087115371003
500,all-mpnet-base-v2,coreset,prior,dpp,dpp,prior/dpp/dpp,0.40142597456776163,0.12669226456925553,0.3925126645060663,0.40674787214644637,0.3990212975221313,0.3947308581349764,0.31139923581892015,0.3815961143640231,0.14328176979379692,-0.14832436581546404
500,all-mpnet-base-v2,coreset,prior,mmr,topk,prior/mmr/topk,0.3089350840533124,0.13483623341428783,0.30478803734838306,0.31426105717277214,0.2986834243517226,0.30547122481516237,0.1775247973135624,0.2910681065978092,0.4529571430318339,-9.037823395656405
500,all-mpnet-base-v2,coreset,prior,graphcut,topk,prior/graphcut/topk,0.3089350840533124,0.13483623341428783,0.30478803734838306,0.31426105717277214,0.2986834243517226,0.30547122481516237,0.1775247973135624,0.2910681065978092,0.4529571430318339,-9.037823395656405
500,all-mpnet-base-v2,coreset,prior,fl,topk,prior/fl/topk,0.3089350840533124,0.13483623341428783,0.30478803734838306,0.31426105717277214,0.2986834243517226,0.30547122481516237,0.1775247973135624,0.2910681065978092,0.4529571430318339,-9.037823395656405
750,BAAI/bge-m3,centroid,prior,mmr,greedy,prior/mmr/greedy,0.735212384544721,0.024216025197913625,0.7345637297735228,0.7339588188906145,0.7268834951820656,0.7244965382745139,0.6910583886339143,0.7205540950097391,0.3405906042119242,-0.7151191512931068
750,BAAI/bge-m3,centroid,prior,graphcut,greedy,prior/graphcut/greedy,0.7269593858336267,0.024173678742405377,0.7241955611094519,0.7276118430394403,0.7195737560101235,0.710205685515426,0.6890273449902115,0.7153063792941384,0.3308629927067262,-0.677099134773016
750,BAAI/bge-m3,centroid,prior,fl,greedy,prior/fl/greedy,0.8532818476105842,0.019843164036261303,0.8558821385538746,0.8519512417373066,0.8413517770476502,0.8357428768796493,0.8046166471054438,0.8378190763988829,0.5154048226914316,-1.63884566274454
750,BAAI/bge-m3,centroid,prior,mmr,cost_norm,prior/mmr/cost_norm,0.7284064789681707,0.024363560760218016,0.7234248523789499,0.7282665507360485,0.7290988623043031,0.724928055363201,0.6439470917980002,0.7043306132542729,0.36320585181128306,-0.40569007811400126
750,BAAI/bge-m3,centroid,prior,graphcut,cost_norm,prior/graphcut/cost_norm,0.72732345585987,0.02419862000025668,0.7243839359319014,0.7258367530657526,0.7249172064795506,0.7209964351628471,0.6439470917980002,0.704539607167329,0.3596933550851525,-0.3972977913634957
750,BAAI/bge-m3,centroid,prior,fl,cost_norm,prior/fl/cost_norm,0.8677045557279985,0.01939392892011213,0.8683468420532129,0.8671375915003567,0.8576037592967742,0.8458883305363194,0.7712379072338639,0.856722179408146,0.486832210477793,-4.1107105241631565
750,BAAI/bge-m3,centroid,prior,dpp,dpp,prior/dpp/dpp,0.6906424900866691,0.03302072786357043,0.6826730243163538,0.6994033199409911,0.6759376267693353,0.6646876294101358,0.6859475158040955,0.6572099062680029,0.44740639739441423,-1.3651842594427883
750,BAAI/bge-m3,centroid,prior,mmr,topk,prior/mmr/topk,0.6668347172870809,0.03591730871747406,0.6628360290030688,0.6691779118185095,0.6597701627745035,0.6584276255372183,0.6847651649387114,0.6360212738922505,0.6505827182587588,-12.83368835893442
750,BAAI/bge-m3,centroid,prior,graphcut,topk,prior/graphcut/topk,0.6668347172870809,0.035917308735046186,0.6628360290030688,0.6691779118185095,0.6597701627745035,0.6584276255372183,0.6847651649387114,0.6360212738922505,0.6505827182587588,-12.83368835893442
750,BAAI/bge-m3,centroid,prior,fl,topk,prior/fl/topk,0.6668347172870809,0.03591730871747406,0.6628360290030688,0.6691779118185095,0.6597701627745035,0.6584276255372183,0.6847651649387114,0.6360212738922505,0.6505827182587588,-12.83368835893442
750,NovaSearch/stella_en_1.5B_v5,centroid,prior,mmr,greedy,prior/mmr/greedy,0.6496248345705297,0.05794884034274322,0.6578613033010187,0.6441715303183425,0.6412956983248119,0.6194136015794035,0.5700757778719967,0.6258942390477181,0.15559318468396394,-0.23496534899980892
750,NovaSearch/stella_en_1.5B_v5,centroid,prior,graphcut,greedy,prior/graphcut/greedy,0.6387440939337747,0.05697584300706128,0.6487698689567066,0.6339527517147263,0.6279821221382299,0.6046469678610051,0.570075823668639,0.6155602928940791,0.14065725814972846,-0.2189496778589256
750,NovaSearch/stella_en_1.5B_v5,centroid,prior,fl,greedy,prior/fl/greedy,0.8276510297720943,0.04096439837495673,0.8298377931979554,0.8268943086282561,0.818061188736975,0.8090902221865773,0.7418919563785151,0.8178729615729348,0.3835924459305012,-1.3180766851764243
750,NovaSearch/stella_en_1.5B_v5,centroid,prior,mmr,cost_norm,prior/mmr/cost_norm,0.6381003183477871,0.05685427572297038,0.6368281707568685,0.6394445589328859,0.6370362030759729,0.661600544161253,0.5847049198691572,0.6183854217976883,0.15866438299417496,-0.16092980233952403
750,NovaSearch/stella_en_1.5B_v5,centroid,prior,graphcut,cost_norm,prior/graphcut/cost_norm,0.6441916684919424,0.05542243813287537,0.6453092370941063,0.647460627422016,0.6337910888424008,0.6399070376641949,0.5818496824140252,0.6303841458385981,0.15404109161276863,-0.17432042633025152
750,NovaSearch/stella_en_1.5B_v5,centroid,prior,fl,cost_norm,prior/fl/cost_norm,0.8478072955858756,0.039293317049566026,0.8496519563736505,0.8464052933197068,0.845257735275939,0.830376631027036,0.744078425467476,0.8342107830790368,0.3669013253782155,-3.409343775150911
750,NovaSearch/stella_en_1.5B_v5,centroid,prior,dpp,dpp,prior/dpp/dpp,0.518481801859063,0.07932639132552552,0.5235905538428158,0.5145246547297823,0.5115279210128764,0.4684696200772806,0.485097497845497,0.48030796026789563,0.2787308608937376,-0.7455252427607775
750,NovaSearch/stella_en_1.5B_v5,centroid,prior,mmr,topk,prior/mmr/topk,0.4432587756323643,0.08561474246517667,0.4411161590933266,0.44378403756185697,0.4396627395707077,0.3772434863573401,0.4902193943100969,0.409382622319142,0.48334494682977786,-11.875260560509732
750,NovaSearch/stella_en_1.5B_v5,centroid,prior,graphcut,topk,prior/graphcut/topk,0.4432587756323643,0.08561474246517667,0.4411161590933266,0.44378403756185697,0.4396627395707077,0.3772434863573401,0.4902193943100969,0.409382622319142,0.48334494682977786,-11.875260560509732
750,NovaSearch/stella_en_1.5B_v5,centroid,prior,fl,topk,prior/fl/topk,0.4432587756323643,0.08561474246517667,0.4411161590933266,0.44378403756185697,0.4396627395707077,0.3772434863573401,0.4902193943100969,0.409382622319142,0.48334494682977786,-11.875260560509732
750,all-MiniLM-L6-v2,centroid,prior,mmr,greedy,prior/mmr/greedy,0.498573235236169,0.0744223988983991,0.4933164969502325,0.49014985674916156,0.5010667395197217,0.5193315470984359,0.4453438966274194,0.4818547655525576,0.02432661613331117,-0.05445282804952135
750,all-MiniLM-L6-v2,centroid,prior,graphcut,greedy,prior/graphcut/greedy,0.4937388227171401,0.07337413100912324,0.49010850518716104,0.49755199673967754,0.47477769870263775,0.4834121486727874,0.2862998183301498,0.47652160294615264,0.013785031357124439,-0.07992349261360876
750,all-MiniLM-L6-v2,centroid,prior,fl,greedy,prior/fl/greedy,0.7264261890101834,0.056701231176771644,0.7357755906853102,0.7248220890261655,0.7051961631221294,0.7093983088989069,0.5388904178515622,0.7404968514342988,0.29805281644089604,-0.8139738593251062
750,all-MiniLM-L6-v2,centroid,prior,mmr,cost_norm,prior/mmr/cost_norm,0.5196118827438493,0.07098388640245176,0.5270568448170297,0.5174387520184297,0.5027187741811541,0.4943738084020798,0.3530596482068964,0.5043029839246624,0.04044887475819845,-0.07639734806791651
750,all-MiniLM-L6-v2,centroid,prior,graphcut,cost_norm,prior/graphcut/cost_norm,0.5155296747716528,0.0691074721409746,0.5205292303355253,0.512270833760555,0.5094966694098173,0.48529840345000336,0.3530596482068964,0.500551506543879,0.026413680911918043,-0.08856197729056596
750,all-MiniLM-L6-v2,centroid,prior,fl,cost_norm,prior/fl/cost_norm,0.7655149995272371,0.05699509899746978,0.7713256145407326,0.764746152864815,0.750975446797931,0.7485478833090023,0.6280618386428531,0.7766894133568474,0.23585675372127093,-2.0132462275478074
750,all-MiniLM-L6-v2,centroid,prior,dpp,dpp,prior/dpp/dpp,0.34145536671958004,0.09651620621037371,0.3377422417404803,0.3495892273371051,0.33003923808282265,0.33987822557050695,0.3424540980966293,0.3137259404275728,0.16829215878190226,-0.41544193859686546
750,all-MiniLM-L6-v2,centroid,prior,mmr,topk,prior/mmr/topk,0.2714259126601513,0.10813826944608733,0.267466071975545,0.2749514399589762,0.2653012587136047,0.27302656316984303,0.25731342030121496,0.25590835635677517,0.4769484133125757,-14.324832942714599
750,all-MiniLM-L6-v2,centroid,prior,graphcut,topk,prior/graphcut/topk,0.27142591258369503,0.1081382694285152,0.2674660718645175,0.2749514399589762,0.2653012585249706,0.27302656316984303,0.25731342030121496,0.25590835635677517,0.4769484133125757,-14.324645698659193
750,all-MiniLM-L6-v2,centroid,prior,fl,topk,prior/fl/topk,0.2714259126601513,0.10813826944608733,0.267466071975545,0.2749514399589762,0.2653012587136047,0.27302656316984303,0.25731342030121496,0.25590835635677517,0.4769484133125757,-14.324832942714599
750,google/embeddinggemma-300m,centroid,prior,mmr,greedy,prior/mmr/greedy,0.6052908392776412,0.04238074857144142,0.6031970525928998,0.6098303696820642,0.5860673905167402,0.5763104849981218,0.5597679609100307,0.5853748113431834,0.15808847082673377,-0.21408976127507762
750,google/embeddinggemma-300m,centroid,prior,graphcut,greedy,prior/graphcut/greedy,0.5962081231068849,0.042490495092077356,0.5972214477712161,0.5983913735265245,0.5754931766587011,0.5778490755513283,0.5381640760806397,0.5734619907485844,0.1484083213650112,-0.2125536575891464
750,google/embeddinggemma-300m,centroid,prior,fl,greedy,prior/fl/greedy,0.7900076358394759,0.03439914930242834,0.7959816817499998,0.7862385306826681,0.7709186814500053,0.7761150456472093,0.6878030222735612,0.7822072342708366,0.3908726447174009,-1.0661325322569541
750,google/embeddinggemma-300m,centroid,prior,mmr,cost_norm,prior/mmr/cost_norm,0.6134988652621677,0.04140975889486243,0.6180041502468109,0.6118733346963644,0.5994605115753221,0.605558021676835,0.5417819872987297,0.5878414403717115,0.16869284388310504,-0.14384061106884816
750,google/embeddinggemma-300m,centroid,prior,graphcut,cost_norm,prior/graphcut/cost_norm,0.6078290390899982,0.04189666769168568,0.6130775849888791,0.6057220063140396,0.5928647517161981,0.6000981587182238,0.5345412494310132,0.5842697454632039,0.16315854983931444,-0.1386191482075824
750,google/embeddinggemma-300m,centroid,prior,fl,cost_norm,prior/fl/cost_norm,0.809782351305665,0.03416125325240054,0.8125105552682063,0.8111530557326984,0.7909978608442569,0.7796493128641436,0.7362830018745203,0.7986989517944033,0.3449007268503027,-2.5663981628867814
750,google/embeddinggemma-300m,centroid,prior,dpp,dpp,prior/dpp/dpp,0.557909545168408,0.05524998057176763,0.5549025052592338,0.5565885296866534,0.5547650368801553,0.5619368543267543,0.5510967300603727,0.5218024342193548,0.2814491815021578,-0.630942181719221
750,google/embeddinggemma-300m,centroid,prior,mmr,topk,prior/mmr/topk,0.5232945684038446,0.05899401904382515,0.5216084462244078,0.5242672731300557,0.5145286893045186,0.522207863032187,0.5718288938282149,0.4890653162689336,0.5181986718385849,-11.253647573924852
750,google/embeddinggemma-300m,centroid,prior,graphcut,topk,prior/graphcut/topk,0.5232945684038446,0.05899401904382515,0.5216084462244078,0.5242672731300557,0.5145286893045186,0.522207863032187,0.5718288938282149,0.4890653162689336,0.5181986718385849,-11.253647573924852
750,google/embeddinggemma-300m,centroid,prior,fl,topk,prior/fl/topk,0.5232945684038446,0.05899401904382515,0.5216084462244078,0.5242672731300557,0.5145286893045186,0.522207863032187,0.5718288938282149,0.4890653162689336,0.5181986718385849,-11.253647573924852
750,Qwen/Qwen3-Embedding-0.6B,centroid,prior,mmr,greedy,prior/mmr/greedy,0.8211690902921988,0.016466289165623066,0.8198010907775454,0.8245093023493424,0.815339365329264,0.7975165821136715,0.7983849708839911,0.8127669568928926,0.5054144829792796,-1.4935403390313096
750,Qwen/Qwen3-Embedding-0.6B,centroid,prior,graphcut,greedy,prior/graphcut/greedy,0.817839059240551,0.01646411966286459,0.8171883660528657,0.8192107242246214,0.8109369979588977,0.8043595134453986,0.7940007914623055,0.8120186664212067,0.4975940337720907,-1.5596357038560904
750,Qwen/Qwen3-Embedding-0.6B,centroid,prior,fl,greedy,prior/fl/greedy,0.9341217601393823,0.011712262330067186,0.934241485311795,0.9330529273959881,0.9323853048519193,0.9230822320657048,0.8662581582294864,0.9236492798296888,0.730501652326224,-3.604049891374021
750,Qwen/Qwen3-Embedding-0.6B,centroid,prior,mmr,cost_norm,prior/mmr/cost_norm,0.8345253911218538,0.01613928197514055,0.8380197112083784,0.8332038268442921,0.827415943007116,0.8088659778601923,0.8088247556169034,0.8234676665400058,0.5529756259243443,-0.941225713575786
750,Qwen/Qwen3-Embedding-0.6B,centroid,prior,graphcut,cost_norm,prior/graphcut/cost_norm,0.8338614874242302,0.016056306800752315,0.8366736452248075,0.8325298813787316,0.8297516147903697,0.8191410779210953,0.8088247556169034,0.8241852746962325,0.5520429964054305,-0.9436058402061462
750,Qwen/Qwen3-Embedding-0.6B,centroid,prior,fl,cost_norm,prior/fl/cost_norm,0.9408323231766016,0.011347721289087719,0.941282424432756,0.9405148737083042,0.9390949189214499,0.9334388008922302,0.8717138202460489,0.933358662891665,0.7028710105509128,-8.377559625877524
750,Qwen/Qwen3-Embedding-0.6B,centroid,prior,dpp,dpp,prior/dpp/dpp,0.7838354245027851,0.02266721551763421,0.7835783036055477,0.7838141006827466,0.7835976948977679,0.7796723117909955,0.7658580160383672,0.7664502514373158,0.5850658021726698,-2.243018075261476
750,Qwen/Qwen3-Embedding-0.6B,centroid,prior,mmr,topk,prior/mmr/topk,0.7598868193035795,0.02497585157793507,0.7586959780260913,0.757311805007731,0.763798865611709,0.7488200852449847,0.7102687640768401,0.7397033195932472,0.7520921483354749,-13.932595114100653
750,Qwen/Qwen3-Embedding-0.6B,centroid,prior,graphcut,topk,prior/graphcut/topk,0.7598868193035795,0.02497585157793507,0.7586959780260913,0.757311805007731,0.763798865611709,0.7488200852449847,0.7102687640768401,0.7397033195932472,0.7520921483354749,-13.932595114100653
750,Qwen/Qwen3-Embedding-0.6B,centroid,prior,fl,topk,prior/fl/topk,0.7598868193035795,0.02497585157793507,0.7586959780260913,0.757311805007731,0.763798865611709,0.7488200852449847,0.7102687640768401,0.7397033195932472,0.7520921483354749,-13.932595114100653
750,all-mpnet-base-v2,centroid,prior,mmr,greedy,prior/mmr/greedy,0.4934740252237576,0.07188637646020583,0.4831968558911495,0.4988883848658167,0.4996213766112676,0.4757487708464463,0.31084276012316864,0.4832560275436718,0.028308581160123344,-0.048483396299350306
750,all-mpnet-base-v2,centroid,prior,graphcut,greedy,prior/graphcut/greedy,0.4887836715942483,0.07127268867180594,0.48159859897999047,0.49448589069107257,0.49260459532640677,0.4702810322867898,0.31084276012316864,0.48594697655153096,0.019989203415807767,-0.06257889582555881
750,all-mpnet-base-v2,centroid,prior,fl,greedy,prior/fl/greedy,0.7582179105796288,0.053432489165438794,0.7672705879143142,0.7512557436022317,0.7452384077630198,0.7387330729379775,0.5389512074748843,0.7680580158890608,0.32044086440132474,-0.9431985363996817
750,all-mpnet-base-v2,centroid,prior,mmr,cost_norm,prior/mmr/cost_norm,0.5257311124039876,0.06888343014244763,0.5274179840225292,0.5305692525570186,0.5108191381084426,0.5401839025944387,0.3435687312196133,0.5054337364176108,0.04508741003141864,-0.07041917245105822
750,all-mpnet-base-v2,centroid,prior,graphcut,cost_norm,prior/graphcut/cost_norm,0.5199910714433607,0.06745708914789951,0.5128066222746818,0.5282308533586904,0.5089248441454263,0.5289039001873919,0.2751361621603033,0.5021136679483493,0.03286706066398249,-0.07719338086503998
750,all-mpnet-base-v2,centroid,prior,fl,cost_norm,prior/fl/cost_norm,0.7883857946369593,0.05261707173238667,0.7951041757019031,0.7824406274592829,0.7808235816879858,0.7753878714432397,0.6426046287699027,0.7958085099617059,0.2747728705125035,-2.359786281608186
750,all-mpnet-base-v2,centroid,prior,dpp,dpp,prior/dpp/dpp,0.3645622836188166,0.0935637484884487,0.3676536910540989,0.36770331875007,0.3610889719288015,0.37675151429724685,0.2983326641404636,0.33449181642251924,0.1761075734503497,-0.45894402656638295
750,all-mpnet-base-v2,centroid,prior,mmr,topk,prior/mmr/topk,0.3056958051294538,0.10614416525119318,0.30154240899503787,0.31451062558836107,0.2915641276727136,0.26804281629740717,0.1775247973135624,0.2817236665989323,0.49253318318218553,-14.119899262709296
750,all-mpnet-base-v2,centroid,prior,graphcut,topk,prior/graphcut/topk,0.30569580529090606,0.10614416525119318,0.3015424092491321,0.3145106256909923,0.29156412787615604,0.26804281629740717,0.1775247973135624,0.28172366680825256,0.49253318318218553,-14.054199001611263
750,all-mpnet-base-v2,centroid,prior,fl,topk,prior/fl/topk,0.30569580529090606,0.10614416525119318,0.3015424092491321,0.3145106256909923,0.29156412787615604,0.26804281629740717,0.1775247973135624,0.28172366680825256,0.49253318318218553,-14.054199001611263
750,BAAI/bge-m3,coreset,prior,mmr,greedy,prior/mmr/greedy,0.7451838468701505,0.05202493658465034,0.7424397946792716,0.7481446218995063,0.7325740805650369,0.7392847132825988,0.6245805878711798,0.7240992007314414,0.3410417979477711,-0.7421589796694944
750,BAAI/bge-m3,coreset,prior,graphcut,greedy,prior/graphcut/greedy,0.7383102819860552,0.05136810193927783,0.739053259072522,0.738452422565232,0.7278954434775207,0.7337918844645788,0.653717012342797,0.7181641724150374,0.33075650886825797,-0.7114511113965286
750,BAAI/bge-m3,coreset,prior,fl,greedy,prior/fl/greedy,0.8510620950881242,0.0523845867675571,0.8548869841421008,0.8489157698102175,0.8410106657980587,0.8340696817699251,0.8046166471054438,0.8356571758179215,0.5151544010864114,-1.589371753751107
750,BAAI/bge-m3,coreset,prior,mmr,cost_norm,prior/mmr/cost_norm,0.7378028146900103,0.05039068087408284,0.7306432126133147,0.7394585602561898,0.7262913071844803,0.7263646844645856,0.7127511836269672,0.7222780210597042,0.3688181017367345,-0.43715296819243793
750,BAAI/bge-m3,coreset,prior,graphcut,cost_norm,prior/graphcut/cost_norm,0.7365504161725214,0.05001114733200872,0.7331219493770823,0.7367221229185007,0.7249525106346665,0.7196427484310165,0.7114910756245157,0.7187818449760253,0.3651002383316463,-0.4222695459172411
750,BAAI/bge-m3,coreset,prior,fl,cost_norm,prior/fl/cost_norm,0.8683223590514769,0.04626811708692672,0.8676604876055015,0.8697283594756257,0.8584057636907089,0.852330972050582,0.7852968910416632,0.8527450369214951,0.48451916170570086,-4.09840878338184
750,BAAI/bge-m3,coreset,prior,dpp,dpp,prior/dpp/dpp,0.7594110792922721,0.0648851720704082,0.7501623890501321,0.7659775791044421,0.7547967098188212,0.7526784530913988,0.7019285216241408,0.7328496060363897,0.42269569298006454,-1.1120642155127705
750,BAAI/bge-m3,coreset,prior,mmr,topk,prior/mmr/topk,0.7032453929358964,0.06793181642995409,0.69680020019059,0.7063816415693619,0.694403003345705,0.6962733617844913,0.7019285216241408,0.6707165044186324,0.5551962336560465,-10.789440166275456
750,BAAI/bge-m3,coreset,prior,graphcut,topk,prior/graphcut/topk,0.7032453929358964,0.06793181642995409,0.69680020019059,0.7063816415693619,0.694403003345705,0.6962733617844913,0.7019285216241408,0.6707165044186324,0.5551962336560465,-10.789440166275456
750,BAAI/bge-m3,coreset,prior,fl,topk,prior/fl/topk,0.7032453929358964,0.06793181642995409,0.69680020019059,0.7063816415693619,0.694403003345705,0.6962733617844913,0.7019285216241408,0.6707165044186324,0.5551962336560465,-10.789440166275456
750,NovaSearch/stella_en_1.5B_v5,coreset,prior,mmr,greedy,prior/mmr/greedy,0.6433119512886254,0.07746410814447785,0.6480148569648116,0.6433484124610571,0.6281651843033611,0.6519611059117252,0.5919772434653,0.6201445632636513,0.1600858063331612,-0.2407489986958439
750,NovaSearch/stella_en_1.5B_v5,coreset,prior,graphcut,greedy,prior/graphcut/greedy,0.6379926096455617,0.07700859505753473,0.6493227171431553,0.6356963381863532,0.6126730192823103,0.6378004497390758,0.5919772434653,0.6171247480348975,0.14508858430287186,-0.2889099970749878
750,NovaSearch/stella_en_1.5B_v5,coreset,prior,fl,greedy,prior/fl/greedy,0.823631371684254,0.06604466713824363,0.8237091270819371,0.8248881627112457,0.8116111606028247,0.8066141124200243,0.7316419351059748,0.8166499735172561,0.384988592129271,-1.2744085056320675
750,NovaSearch/stella_en_1.5B_v5,coreset,prior,mmr,cost_norm,prior/mmr/cost_norm,0.6353771351879559,0.07599456944801616,0.6409103766322851,0.6323938146154073,0.6291821509611831,0.588252560790915,0.7472688485469321,0.6079299410277719,0.16389737935420476,-0.18603171401147572
750,NovaSearch/stella_en_1.5B_v5,coreset,prior,graphcut,cost_norm,prior/graphcut/cost_norm,0.6437523132496907,0.07453733464738108,0.646188633280601,0.645394238448659,0.6285652242949014,0.6068232784252441,0.7472688485469321,0.6199531967949989,0.15666928950626896,-0.18296605123663848
750,NovaSearch/stella_en_1.5B_v5,coreset,prior,fl,cost_norm,prior/fl/cost_norm,0.8476053113149922,0.058614128286827286,0.8506714028409323,0.8459167027718278,0.8391799568346598,0.8249308557993037,0.7833066842672322,0.8346050969682272,0.3673654184588846,-3.3894563463498963
750,NovaSearch/stella_en_1.5B_v5,coreset,prior,dpp,dpp,prior/dpp/dpp,0.5786595648929213,0.10137493272294414,0.5833475830228135,0.5769848020454219,0.5607691357502357,0.5486715737083065,0.4873827960883439,0.5422530206521661,0.2660780667836936,-0.7075797300434338
750,NovaSearch/stella_en_1.5B_v5,coreset,prior,mmr,topk,prior/mmr/topk,0.45397290024386433,0.11069190742904847,0.4519642314693713,0.45383298616569084,0.4454528296541825,0.43853329894791976,0.4475116898219069,0.4174921031028656,0.5044717437956693,-13.833887153638983
750,NovaSearch/stella_en_1.5B_v5,coreset,prior,graphcut,topk,prior/graphcut/topk,0.45397290024386433,0.11069190742904847,0.4519642314693713,0.45383298616569084,0.4454528296541825,0.43853329894791976,0.4475116898219069,0.4174921031028656,0.5044717437956693,-13.833887153638983
750,NovaSearch/stella_en_1.5B_v5,coreset,prior,fl,topk,prior/fl/topk,0.45397290024386433,0.11069190742904847,0.4519642314693713,0.45383298616569084,0.4454528296541825,0.43853329894791976,0.4475116898219069,0.4174921031028656,0.5044717437956693,-13.833887153638983
750,all-MiniLM-L6-v2,coreset,prior,mmr,greedy,prior/mmr/greedy,0.49741471349872957,0.1005110468117977,0.49449652257107624,0.4981841942009799,0.4902991152076693,0.4253591516449777,0.3147523544005404,0.4838230632448022,0.028562637567926496,-0.11902290296039043
750,all-MiniLM-L6-v2,coreset,prior,graphcut,greedy,prior/graphcut/greedy,0.48699691256708283,0.09569673788435054,0.4846378212725523,0.4926784209649013,0.4678758412438871,0.4550594990629565,0.28875478805668886,0.47861598349052936,0.014392759771479451,-0.13240177888271645
750,all-MiniLM-L6-v2,coreset,prior,fl,greedy,prior/fl/greedy,0.7282276568348712,0.08753516291320887,0.7386648132351944,0.7278928069433751,0.710569221563613,0.7056384883441181,0.5388904178515622,0.7398066221799032,0.2913762952007775,-0.8213597949734837
750,all-MiniLM-L6-v2,coreset,prior,mmr,cost_norm,prior/mmr/cost_norm,0.5246131996419745,0.09337369045066946,0.5214099686266437,0.5294855901264504,0.5185014744370061,0.49037071852580877,0.3776923729928881,0.5191723435927785,0.048360406253983836,-0.08607917452090473
750,all-MiniLM-L6-v2,coreset,prior,graphcut,cost_norm,prior/graphcut/cost_norm,0.5160879346170696,0.08744129209937353,0.52624934115018,0.5180446488040001,0.4945364399133577,0.49732662143235956,0.34311879543109597,0.5104470257777667,0.031573945289188866,-0.09459676978371616
750,all-MiniLM-L6-v2,coreset,prior,fl,cost_norm,prior/fl/cost_norm,0.7653772593862909,0.07739506558216405,0.7610465895438424,0.7761291293882825,0.7502863789475982,0.7696465629843728,0.7236266966335272,0.771555585476822,0.23986544235135024,-1.9879603023236652
750,all-MiniLM-L6-v2,coreset,prior,dpp,dpp,prior/dpp/dpp,0.46699060331035425,0.12746401897297716,0.45911478192991895,0.4717110893498818,0.47780270751310383,0.45953548553609214,0.4222109842455848,0.43979551769742353,0.13898387200579065,-0.28832934294467055
750,all-MiniLM-L6-v2,coreset,prior,mmr,topk,prior/mmr/topk,0.3461056031260841,0.13628179934930126,0.3468302622818231,0.3433810348813792,0.3442419104505408,0.34124115278048095,0.30146517897588665,0.3126761331747715,0.3914588815307482,-13.810206312721348
750,all-MiniLM-L6-v2,coreset,prior,graphcut,topk,prior/graphcut/topk,0.3461056031260841,0.13628179934930126,0.3468302622818231,0.3433810348813792,0.3442419104505408,0.34124115278048095,0.30146517897588665,0.3126761331747715,0.3914588815307482,-13.810206312721348
750,all-MiniLM-L6-v2,coreset,prior,fl,topk,prior/fl/topk,0.3461056031260841,0.13628179934930126,0.3468302622818231,0.3433810348813792,0.3442419104505408,0.34124115278048095,0.30146517897588665,0.3126761331747715,0.3914588815307482,-13.810206312721348
750,google/embeddinggemma-300m,coreset,prior,mmr,greedy,prior/mmr/greedy,0.617766445488056,0.07500690104931874,0.6227077063149531,0.613450738220588,0.6042943849758166,0.5995218654760329,0.5295890545628261,0.5885970166484916,0.162247863756317,-0.21303730544563876
750,google/embeddinggemma-300m,coreset,prior,graphcut,greedy,prior/graphcut/greedy,0.6115413922345122,0.07303461703946287,0.6141892166487292,0.6070009611635475,0.6013087937450163,0.6081972804876918,0.6870950465250715,0.5837645374420751,0.1507836593279861,-0.20570736380627835
750,google/embeddinggemma-300m,coreset,prior,fl,greedy,prior/fl/greedy,0.7866966611826426,0.07317001875138508,0.7940329735594671,0.7821828696702047,0.7690318277914059,0.7645895134042124,0.7031389638577535,0.7756071127598408,0.390170850351734,-1.0808063401085026
750,google/embeddinggemma-300m,coreset,prior,mmr,cost_norm,prior/mmr/cost_norm,0.6184171173616502,0.07280218016075075,0.6146363193710196,0.6185487957359451,0.6180383780365393,0.6282914749230476,0.4908579629734879,0.5880642196098486,0.17711395478614098,-0.16056959619218447
750,google/embeddinggemma-300m,coreset,prior,graphcut,cost_norm,prior/graphcut/cost_norm,0.6199208605298819,0.07154070744115226,0.6214853849321108,0.6185513885398183,0.6143685363699805,0.5958824249555039,0.5892210730694258,0.5879283108697956,0.1710321785846971,-0.15189778091350817
750,google/embeddinggemma-300m,coreset,prior,fl,cost_norm,prior/fl/cost_norm,0.8095974013721459,0.06316667784638,0.8168086392209667,0.8062701483652271,0.7908108673283005,0.7934224014704452,0.7751126581066474,0.796820016293803,0.34462528169717427,-2.490104409321299
750,google/embeddinggemma-300m,coreset,prior,dpp,dpp,prior/dpp/dpp,0.6460947252249201,0.09548477988408983,0.6468417479102967,0.6434915727199405,0.6297126709555451,0.637800328787375,0.6543839761028103,0.6123954876243752,0.26158141938723484,-0.5223236578463946
750,google/embeddinggemma-300m,coreset,prior,mmr,topk,prior/mmr/topk,0.5901290957987372,0.09906751662492752,0.5865559193059315,0.5873178836767748,0.5838096666844634,0.6082498900901202,0.6447234122516107,0.5548944207775849,0.39082845560503454,-9.676501520557926
750,google/embeddinggemma-300m,coreset,prior,graphcut,topk,prior/graphcut/topk,0.5901290957987372,0.09906751662492752,0.5865559193059315,0.5873178836767748,0.5838096666844634,0.6082498900901202,0.6447234122516107,0.5548944207775849,0.39082845560503454,-9.676501520557926
750,google/embeddinggemma-300m,coreset,prior,fl,topk,prior/fl/topk,0.5901290957987372,0.09906751662492752,0.5865559193059315,0.5873178836767748,0.5838096666844634,0.6082498900901202,0.6447234122516107,0.5548944207775849,0.39082845560503454,-9.676501520557926
750,Qwen/Qwen3-Embedding-0.6B,coreset,prior,mmr,greedy,prior/mmr/greedy,0.8212659464774592,0.027176662624971766,0.8179535741855345,0.8216284686002291,0.8256273454813164,0.8149192532230131,0.826109574260462,0.815939904364339,0.5135423576213279,-1.558020234529702
750,Qwen/Qwen3-Embedding-0.6B,coreset,prior,graphcut,greedy,prior/graphcut/greedy,0.8193534102915818,0.02738793459193746,0.8146878701799082,0.8208767984896221,0.8174715445134032,0.8091080910408633,0.7541321576548592,0.8160743397252143,0.5045002585030952,-1.6838610004985108
750,Qwen/Qwen3-Embedding-0.6B,coreset,prior,fl,greedy,prior/fl/greedy,0.9355483393437586,0.022810697234850727,0.9358494572100927,0.9339256522536173,0.9334062338232297,0.9304852293416229,0.8662581582294864,0.9248179960777871,0.7338128595981958,-3.595462148481945
750,Qwen/Qwen3-Embedding-0.6B,coreset,prior,mmr,cost_norm,prior/mmr/cost_norm,0.8364158887455542,0.026728228999758668,0.83200245144613,0.8379369938436136,0.8332885145316586,0.8262294867004845,0.7655667051738394,0.8246569354421026,0.5517251731933288,-0.9350118183021275
750,Qwen/Qwen3-Embedding-0.6B,coreset,prior,graphcut,cost_norm,prior/graphcut/cost_norm,0.8366951678252181,0.026465829597996933,0.8357184364437613,0.8365173232827636,0.8335004656657913,0.8287393613191267,0.7655667051738394,0.8259068708431825,0.5498680046425676,-0.9216808664067736
750,Qwen/Qwen3-Embedding-0.6B,coreset,prior,fl,cost_norm,prior/fl/cost_norm,0.9408938047920511,0.022233379802684177,0.9414022103026107,0.9394822615695574,0.9397377497187945,0.9315340490146716,0.8925471754943186,0.9329476067325542,0.7020341798944293,-8.354165751979036
750,Qwen/Qwen3-Embedding-0.6B,coreset,prior,dpp,dpp,prior/dpp/dpp,0.8041000568505097,0.03400990407790919,0.8017073327960859,0.8044129172588569,0.8008531540302317,0.7971712430098191,0.7410028316902741,0.7857979827392818,0.5826671497439438,-2.255016791511257
750,Qwen/Qwen3-Embedding-0.6B,coreset,prior,mmr,topk,prior/mmr/topk,0.7599113486176517,0.03742401438923377,0.7554887334642113,0.7602961452409573,0.7630425441309601,0.7759962216938304,0.826109574260462,0.7396450301858869,0.7397324292446082,-13.23417640660169
750,Qwen/Qwen3-Embedding-0.6B,coreset,prior,graphcut,topk,prior/graphcut/topk,0.7599113486176517,0.03742401438923377,0.7554887334642113,0.7602961452409573,0.7630425441309601,0.7759962216938304,0.826109574260462,0.7396450301858869,0.7397324292446082,-13.23417640660169
750,Qwen/Qwen3-Embedding-0.6B,coreset,prior,fl,topk,prior/fl/topk,0.7599113486176517,0.03742401438923377,0.7554887334642113,0.7602961452409573,0.7630425441309601,0.7759962216938304,0.826109574260462,0.7396450301858869,0.7397324292446082,-13.23417640660169
750,all-mpnet-base-v2,coreset,prior,mmr,greedy,prior/mmr/greedy,0.510659222335235,0.0918445602445951,0.5111351749658847,0.5163243277344693,0.4999747859997573,0.468706687485334,0.4063298210002017,0.4977227301156608,0.0390622738155661,-0.07787588138252997
750,all-mpnet-base-v2,coreset,prior,graphcut,greedy,prior/graphcut/greedy,0.49470896385468643,0.09002244685126363,0.49056612717790027,0.5030737925676281,0.4774322923713576,0.45464381827697703,0.30444994669692904,0.48193904324039927,0.024138200988296752,-0.07370296620433263
750,all-mpnet-base-v2,coreset,prior,fl,greedy,prior/fl/greedy,0.7583464453633538,0.08056589987410127,0.7676257430765845,0.7515709598949115,0.7460508604756072,0.7350474123129612,0.5389512074748843,0.7678601098468524,0.32052087098500637,-0.9277514393599529
750,all-mpnet-base-v2,coreset,prior,mmr,cost_norm,prior/mmr/cost_norm,0.5477682483998658,0.08766296337235649,0.5534341540674244,0.5431700694339641,0.544752512966562,0.46227915472890185,0.30444994669692904,0.5305284621480819,0.05351545875806928,-0.08324031895114425
750,all-mpnet-base-v2,coreset,prior,graphcut,cost_norm,prior/graphcut/cost_norm,0.5299600699900672,0.08430059869193805,0.5318163399024713,0.5310866783313865,0.521487561959027,0.48066301808805184,0.30444994669692904,0.5160432025128072,0.037582334942065775,-0.09248427304940052
750,all-mpnet-base-v2,coreset,prior,fl,cost_norm,prior/fl/cost_norm,0.78907576909135,0.07183221838314016,0.7897186302248569,0.7924634410286808,0.7803300901910087,0.7581141363427251,0.6707192800971816,0.8002228230436147,0.27312585929373523,-2.4058860180512913
750,all-mpnet-base-v2,coreset,prior,dpp,dpp,prior/dpp/dpp,0.4986260325739276,0.12161084984973916,0.5050240376080809,0.48557377569307325,0.5035935464513384,0.4648953889823486,0.5534177631670668,0.457510108277147,0.15054150142724504,-0.31656179264355844
750,all-mpnet-base-v2,coreset,prior,mmr,topk,prior/mmr/topk,0.3620394417016296,0.13172652140119165,0.35404107646558586,0.36822661805535595,0.35867109195279934,0.30817564544889114,0.3081361305595289,0.3304326230854749,0.4086500033648368,-14.718300116485928
750,all-mpnet-base-v2,coreset,prior,graphcut,topk,prior/graphcut/topk,0.3620394417016296,0.13172652140119165,0.35404107646558586,0.36822661805535595,0.35867109195279934,0.30817564544889114,0.3081361305595289,0.3304326230854749,0.4086500033648368,-14.718300116485928
750,all-mpnet-base-v2,coreset,prior,fl,topk,prior/fl/topk,0.3620394417016296,0.13172652140119165,0.35404107646558586,0.36822661805535595,0.35867109195279934,0.30817564544889114,0.3081361305595289,0.3304326230854749,0.4086500033648368,-14.718300116485928
1000,BAAI/bge-m3,centroid,prior,mmr,greedy,prior/mmr/greedy,0.7557949639047536,0.023019672287979496,0.7516317757761548,0.7553949883380632,0.7525961026730658,0.7282945847558586,0.6869050175302359,0.7420733804121041,0.35166057677201507,-1.1927740528898418
1000,BAAI/bge-m3,centroid,prior,graphcut,greedy,prior/graphcut/greedy,0.7458847571990281,0.023078753810621938,0.7420173707869077,0.7454205065664482,0.7420560093865226,0.7382533051888907,0.703962670448919,0.7323679640777339,0.33719034788181196,-1.1930181070599917
1000,BAAI/bge-m3,centroid,prior,fl,greedy,prior/fl/greedy,0.8650754145575693,0.019976772583212773,0.868483980864459,0.8632787514333389,0.8533710615819604,0.8588386117978148,0.8155673871934506,0.8507536977547687,0.5121122289378688,-2.45715483235863
1000,BAAI/bge-m3,centroid,prior,mmr,cost_norm,prior/mmr/cost_norm,0.7507733721193981,0.023393878594638325,0.7504872877111134,0.7492194495696594,0.7507896681736053,0.7299082551773322,0.7073699048232225,0.7275464898405617,0.3719002314193069,-0.6742166985037192
1000,BAAI/bge-m3,centroid,prior,graphcut,cost_norm,prior/graphcut/cost_norm,0.7463322289427384,0.0231423517425527,0.7460729234950924,0.7459671593399417,0.7410924409886752,0.7299908543244593,0.7028418276908649,0.7273711869647813,0.3691444806051704,-0.6761192988674596
1000,BAAI/bge-m3,centroid,prior,fl,cost_norm,prior/fl/cost_norm,0.8796820635265895,0.019228319004880933,0.881424258191653,0.8767732660499572,0.8721927956943614,0.8650026715108964,0.756345714016396,0.869949072835798,0.48118070189682943,-5.880694320741689
1000,BAAI/bge-m3,centroid,prior,dpp,dpp,prior/dpp/dpp,0.7041349285120221,0.03223940090908897,0.7006757197675105,0.7094796327952005,0.6882824390829693,0.690011924447447,0.6402183223038436,0.6729930825412529,0.44643315532297456,-1.9516716617739425
1000,BAAI/bge-m3,centroid,prior,mmr,topk,prior/mmr/topk,0.6856549905562499,0.03530159117302523,0.6828959141005019,0.6886052144863379,0.6759189169851366,0.6665160870004712,0.6252806998618747,0.65380089519477,0.6270392809836369,-17.545034698720247
1000,BAAI/bge-m3,centroid,prior,graphcut,topk,prior/graphcut/topk,0.6856549905562499,0.03530159117302523,0.6828959141005019,0.6886052144863379,0.6759189169851366,0.6665160870004712,0.6252806998618747,0.65380089519477,0.6270392809836369,-17.545034698720247
1000,BAAI/bge-m3,centroid,prior,fl,topk,prior/fl/topk,0.6856549905562499,0.03530159117302523,0.6828959141005019,0.6886052144863379,0.6759189169851366,0.6665160870004712,0.6252806998618747,0.65380089519477,0.6270392809836369,-17.545034698720247
1000,NovaSearch/stella_en_1.5B_v5,centroid,prior,mmr,greedy,prior/mmr/greedy,0.6706310090224531,0.05424845335513072,0.678374183565548,0.6714708648733968,0.6537998564663484,0.6326411594762846,0.5917862256706483,0.643039387249726,0.17421587145412867,-0.4579373231192805
1000,NovaSearch/stella_en_1.5B_v5,centroid,prior,graphcut,greedy,prior/graphcut/greedy,0.6682549944376291,0.05306739144835551,0.6783988819189792,0.6648156930724646,0.6485622487605652,0.6462960120937807,0.5700757778719967,0.6477823704351859,0.15793955761869,-0.45693715331408213
1000,NovaSearch/stella_en_1.5B_v5,centroid,prior,fl,greedy,prior/fl/greedy,0.8441192931614167,0.041319880968416635,0.8456396672497085,0.8446285234933275,0.8354260640833695,0.8318044019837058,0.7316419351059748,0.8364277847774391,0.3798240737392093,-1.9666396912257627
1000,NovaSearch/stella_en_1.5B_v5,centroid,prior,mmr,cost_norm,prior/mmr/cost_norm,0.6629568714421046,0.05465289818579858,0.6590676370028509,0.6630635892279819,0.6604618994728729,0.6684585381792572,0.5178200688396807,0.6419688453796919,0.17419889418162265,-0.27957355134399997
1000,NovaSearch/stella_en_1.5B_v5,centroid,prior,graphcut,cost_norm,prior/graphcut/cost_norm,0.6634561213200163,0.05341065516871101,0.6614225871324849,0.6642080007492795,0.6555575048792354,0.6874319120599265,0.576727740152783,0.6413214254395833,0.16431854018625222,-0.279279227140096
1000,NovaSearch/stella_en_1.5B_v5,centroid,prior,fl,cost_norm,prior/fl/cost_norm,0.8616028308967608,0.03886052254446835,0.860603221261466,0.8639308829262762,0.8557176850655777,0.8559625786367183,0.8281142105973247,0.8493736856740819,0.35931592877462226,-4.953893412958901
1000,NovaSearch/stella_en_1.5B_v5,centroid,prior,dpp,dpp,prior/dpp/dpp,0.558057660415107,0.07601566831493434,0.564746558376782,0.5507389724336905,0.5554284048186402,0.5164305537052585,0.5292858077762882,0.5242194300271593,0.2812976009862603,-1.2500223601764102
1000,NovaSearch/stella_en_1.5B_v5,centroid,prior,mmr,topk,prior/mmr/topk,0.4718478398668127,0.08286346795634841,0.4727905256387933,0.47441068649734797,0.4683084325017658,0.43554513792219013,0.49320867853697314,0.4416870677009249,0.4625494866719786,-15.585801952641528
1000,NovaSearch/stella_en_1.5B_v5,centroid,prior,graphcut,topk,prior/graphcut/topk,0.4718478398668127,0.08286346795634841,0.4727905256387933,0.47441068649734797,0.4683084325017658,0.43554513792219013,0.49320867853697314,0.4416870677009249,0.4625494866719786,-15.585801952641528
1000,NovaSearch/stella_en_1.5B_v5,centroid,prior,fl,topk,prior/fl/topk,0.4718478398668127,0.08286346795634841,0.4727905256387933,0.47441068649734797,0.4683084325017658,0.43554513792219013,0.49320867853697314,0.4416870677009249,0.4625494866719786,-15.585801952641528
1000,all-MiniLM-L6-v2,centroid,prior,mmr,greedy,prior/mmr/greedy,0.5310327121216558,0.07163460570264538,0.5306411355254467,0.5292055189474526,0.5262865749874518,0.5258486553743477,0.3740028063029295,0.5090826487914476,0.039262867444809876,-0.10843656953415429
1000,all-MiniLM-L6-v2,centroid,prior,graphcut,greedy,prior/graphcut/greedy,0.524463528455352,0.0699075136755435,0.5217959732780287,0.5336789067399604,0.5001922145183764,0.5137113342587571,0.44444404554070865,0.5091169102759403,0.025630882644519553,-0.13162102548950264
1000,all-MiniLM-L6-v2,centroid,prior,fl,greedy,prior/fl/greedy,0.7525635155547578,0.058814701729647395,0.7577884995952332,0.7530826259258494,0.7373607102552121,0.7430460085361686,0.6253395630180245,0.766714027170627,0.2778092666335826,-1.2945534928508524
1000,all-MiniLM-L6-v2,centroid,prior,mmr,cost_norm,prior/mmr/cost_norm,0.5443096864494117,0.06978793048633719,0.5400469534527141,0.5514211325681606,0.5336183174299036,0.549386947105661,0.3755483588272206,0.5331514237232752,0.04822571722945453,-0.10983949837292421
1000,all-MiniLM-L6-v2,centroid,prior,graphcut,cost_norm,prior/graphcut/cost_norm,0.5440014853123971,0.0679114630164684,0.5398577020982946,0.5451213099915667,0.5409260726990065,0.5539664789334802,0.44280230924665726,0.5312068240071631,0.034204875715384435,-0.1398196942700108
1000,all-MiniLM-L6-v2,centroid,prior,fl,cost_norm,prior/fl/cost_norm,0.7831070733400747,0.05706889016272606,0.7901053035831378,0.7820142303427161,0.7667843379197566,0.7963390272534974,0.6742364558346307,0.8038951740771331,0.2267277644209142,-2.901900253205929
1000,all-MiniLM-L6-v2,centroid,prior,dpp,dpp,prior/dpp/dpp,0.3742549159613023,0.09403188470399605,0.3670888928043786,0.37786607311249915,0.3801262825515093,0.3989565962449278,0.3267462182713988,0.339962204646816,0.16856307502976567,-0.7432886112903087
1000,all-MiniLM-L6-v2,centroid,prior,mmr,topk,prior/mmr/topk,0.2977826153914456,0.10704383739041833,0.2930741946160618,0.3020265975541464,0.2843380999282172,0.3181539969341183,0.3962955819724758,0.2781306908139481,0.4719974830535785,-19.885187549551702
1000,all-MiniLM-L6-v2,centroid,prior,graphcut,topk,prior/graphcut/topk,0.2977826153914456,0.10704383739041833,0.2930741946160618,0.3020265975541464,0.2843380999282172,0.3181539969341183,0.3962955819724758,0.2781306908139481,0.4719974830535785,-19.885187549551702
1000,all-MiniLM-L6-v2,centroid,prior,fl,topk,prior/fl/topk,0.2977826153914456,0.10704383739041833,0.2930741946160618,0.3020265975541464,0.2843380999282172,0.3181539969341183,0.3962955819724758,0.2781306908139481,0.4719974830535785,-19.885187549551702
1000,google/embeddinggemma-300m,centroid,prior,mmr,greedy,prior/mmr/greedy,0.6331948694706014,0.04048040609385045,0.6278169993597476,0.6347890947623496,0.6267191290917007,0.6177199983696392,0.606470909605726,0.6151053298401369,0.16977175061573396,-0.37390368059277534
1000,google/embeddinggemma-300m,centroid,prior,graphcut,greedy,prior/graphcut/greedy,0.6259420694993886,0.04067390833823186,0.6317740321454955,0.6228602526305996,0.6106036917796799,0.5968563558800856,0.5631556660844953,0.6064319338715267,0.15786488536956175,-0.3737132897389666
1000,google/embeddinggemma-300m,centroid,prior,fl,greedy,prior/fl/greedy,0.8073254298356249,0.03473213785064389,0.8105460540188952,0.8037406868229185,0.7926260829994333,0.7912482981933441,0.7031389638577535,0.7954759007514267,0.3832178101084142,-1.6482766626297303
1000,google/embeddinggemma-300m,centroid,prior,mmr,cost_norm,prior/mmr/cost_norm,0.6277350348566543,0.04138499177676046,0.6242450042412168,0.6317243561063778,0.6086475783713035,0.593296901345907,0.5960394422418873,0.5986778848294158,0.17845204718551547,-0.22542786313537158
1000,google/embeddinggemma-300m,centroid,prior,graphcut,cost_norm,prior/graphcut/cost_norm,0.6217861128628891,0.04119571505711889,0.6216923892836932,0.6201364601857654,0.6083757156795008,0.5850860989629195,0.5960394422418873,0.5975582528180878,0.17248417419504444,-0.227844862407952
1000,google/embeddinggemma-300m,centroid,prior,fl,cost_norm,prior/fl/cost_norm,0.8242762950971679,0.03390330863888112,0.828191389147567,0.8217535791998545,0.8089982308907335,0.8008554729594853,0.7848753195670529,0.8131414837856055,0.3361611279114237,-3.6905841878000296
1000,google/embeddinggemma-300m,centroid,prior,dpp,dpp,prior/dpp/dpp,0.5933461917774684,0.05382420041791673,0.5945600256137804,0.5891770006714162,0.5891093743057366,0.5739589954025548,0.5555255338747477,0.5529137396745034,0.2774347958137404,-1.0684291454699804
1000,google/embeddinggemma-300m,centroid,prior,mmr,topk,prior/mmr/topk,0.5458376632376809,0.05773815600517786,0.5436349344159896,0.5449013223476069,0.5423411467183324,0.537395102506996,0.5718288938282149,0.5095800037261962,0.49476870015825863,-15.071662131907805
1000,google/embeddinggemma-300m,centroid,prior,graphcut,topk,prior/graphcut/topk,0.5458376632376809,0.05773815600517786,0.5436349344159896,0.5449013223476069,0.5423411467183324,0.537395102506996,0.5718288938282149,0.5095800037261962,0.49476870015825863,-15.071662131907805
1000,google/embeddinggemma-300m,centroid,prior,fl,topk,prior/fl/topk,0.5458376632376809,0.05773815600517786,0.5436349344159896,0.5449013223476069,0.5423411467183324,0.537395102506996,0.5718288938282149,0.5095800037261962,0.49476870015825863,-15.071662131907805
1000,Qwen/Qwen3-Embedding-0.6B,centroid,prior,mmr,greedy,prior/mmr/greedy,0.8364944940745442,0.01538652885608586,0.835372242901119,0.8387952251541331,0.8329936046266024,0.8164872164055578,0.7796873576624891,0.8316649297698531,0.520583228963726,-2.4812233105020702
1000,Qwen/Qwen3-Embedding-0.6B,centroid,prior,graphcut,greedy,prior/graphcut/greedy,0.8277674554715252,0.015845861659332546,0.8274787819212045,0.8283949457265228,0.8206642255004116,0.8163179600753914,0.7480885441967461,0.8256355948387795,0.5051356327702414,-2.3897537636869357
1000,Qwen/Qwen3-Embedding-0.6B,centroid,prior,fl,greedy,prior/fl/greedy,0.9419113843908409,0.012037543814963187,0.9425093027854166,0.9410526934256452,0.9379812390774954,0.9342949821428289,0.8706635162455598,0.9316206021090454,0.7228921626536351,-5.326446903201769
1000,Qwen/Qwen3-Embedding-0.6B,centroid,prior,mmr,cost_norm,prior/mmr/cost_norm,0.8542771477258155,0.01532692186982494,0.8557013675891832,0.8493738704707245,0.8546702557225235,0.8277551577653524,0.8297837798755807,0.8442372850395657,0.5659180606873531,-1.5974620805596405
1000,Qwen/Qwen3-Embedding-0.6B,centroid,prior,graphcut,cost_norm,prior/graphcut/cost_norm,0.8538206711403691,0.01524843140022021,0.8546960222469239,0.8495626922708228,0.8541854209090204,0.8268131971583931,0.7618081358201492,0.8439048942062574,0.5637784431565482,-1.6196198030462805
1000,Qwen/Qwen3-Embedding-0.6B,centroid,prior,fl,cost_norm,prior/fl/cost_norm,0.9484316460687808,0.011437166405332117,0.948325910295848,0.9494370002055986,0.9438257857082737,0.9367385040506604,0.9191408980327119,0.9410009720784094,0.6967241013387464,-11.739187825400874
1000,Qwen/Qwen3-Embedding-0.6B,centroid,prior,dpp,dpp,prior/dpp/dpp,0.8025327554750386,0.02166700923709937,0.8018140315148024,0.8001763057663973,0.8028805648357145,0.7820392930707326,0.7818796226928219,0.7863259534486053,0.5869671031832695,-3.5222971776746355
1000,Qwen/Qwen3-Embedding-0.6B,centroid,prior,mmr,topk,prior/mmr/topk,0.7728338660468502,0.024484132750416703,0.7727507293883186,0.7727849364983774,0.772514939298334,0.739740950731608,0.7555316279515649,0.7537176853278548,0.7465924671236074,-20.0375075694525
1000,Qwen/Qwen3-Embedding-0.6B,centroid,prior,graphcut,topk,prior/graphcut/topk,0.7728338660468502,0.024484132750416703,0.7727507293883186,0.7727849364983774,0.772514939298334,0.739740950731608,0.7555316279515649,0.7537176853278548,0.7465924671236074,-20.0375075694525
1000,Qwen/Qwen3-Embedding-0.6B,centroid,prior,fl,topk,prior/fl/topk,0.7728338660468502,0.024484132750416703,0.7727507293883186,0.7727849364983774,0.772514939298334,0.739740950731608,0.7555316279515649,0.7537176853278548,0.7465924671236074,-20.0375075694525
1000,all-mpnet-base-v2,centroid,prior,mmr,greedy,prior/mmr/greedy,0.543396505862391,0.06882900952027654,0.5472582403945925,0.5393977687031675,0.5376991439125159,0.5292481911128089,0.4358659495149746,0.5293436688609198,0.04659013558948744,-0.11115959802431599
1000,all-mpnet-base-v2,centroid,prior,graphcut,greedy,prior/graphcut/greedy,0.5295856547296708,0.06736092673579477,0.5267923760227637,0.5354066361602358,0.5175674656198356,0.5172247309688944,0.31084276012316864,0.5283521548268887,0.03450038306193233,-0.1959374859678682
1000,all-mpnet-base-v2,centroid,prior,fl,greedy,prior/fl/greedy,0.7800126927880503,0.05467531695645654,0.78926357998635,0.774750890941529,0.7705662367760752,0.7506007717335946,0.6201014384858397,0.7865161721191267,0.3082496373439735,-1.379968911831109
1000,all-mpnet-base-v2,centroid,prior,mmr,cost_norm,prior/mmr/cost_norm,0.5513385648165973,0.06753882275507697,0.5513069097268707,0.5562433725813839,0.5393398664908596,0.5645540361830682,0.33487563701119877,0.5432438610055927,0.053287685410567685,-0.11174432086354157
1000,all-mpnet-base-v2,centroid,prior,graphcut,cost_norm,prior/graphcut/cost_norm,0.5410225053027223,0.06557358026434228,0.5364248567265065,0.5493152234135807,0.5279517803829525,0.5315240423142493,0.33487563701119877,0.5390227187337724,0.04085483132226762,-0.1468923504130458
1000,all-mpnet-base-v2,centroid,prior,fl,cost_norm,prior/fl/cost_norm,0.8168384388264892,0.052133416765773634,0.8217860057118422,0.8143250622902798,0.8081440762215506,0.7907875738851711,0.6784983683776628,0.8204599935261271,0.266849242923957,-3.563894368567557
1000,all-mpnet-base-v2,centroid,prior,dpp,dpp,prior/dpp/dpp,0.41413227213418763,0.09012728307466462,0.40635597980953697,0.4233999955251612,0.4051378478245953,0.3683574270630047,0.3451213051491603,0.3809891200010643,0.17314929733017706,-0.7677182791192295
1000,all-mpnet-base-v2,centroid,prior,mmr,topk,prior/mmr/topk,0.3332231109907455,0.10420863998104941,0.33152704418710777,0.33646642235332114,0.31484582982120746,0.3229728239882784,0.3130089932086218,0.3157217091818857,0.4538621959926666,-18.573316181183987
1000,all-mpnet-base-v2,centroid,prior,graphcut,topk,prior/graphcut/topk,0.3332231112107855,0.10420864005133791,0.3315270444976674,0.33646642249016284,0.314845830160278,0.3229728239882784,0.3130089932086218,0.3157217096005262,0.4538621959926666,-18.50654688716497
1000,all-mpnet-base-v2,centroid,prior,fl,topk,prior/fl/topk,0.3332231112107855,0.10420864005133791,0.3315270444976674,0.33646642249016284,0.314845830160278,0.3229728239882784,0.3130089932086218,0.3157217096005262,0.4538621959926666,-18.50654688716497
1000,BAAI/bge-m3,coreset,prior,mmr,greedy,prior/mmr/greedy,0.7615377648661644,0.0504582500137951,0.7571920856485607,0.7639968068150635,0.756580926459781,0.7604740488147541,0.6564912151449804,0.741945720778074,0.35119695736552187,-1.1931629365064063
1000,BAAI/bge-m3,coreset,prior,graphcut,greedy,prior/graphcut/greedy,0.7531282610590884,0.04983222235064461,0.7499080028253671,0.7549801011677749,0.745691993131667,0.7544624777566908,0.6676153349324874,0.7370937225141855,0.338552399345164,-1.1941755859638161
1000,BAAI/bge-m3,coreset,prior,fl,greedy,prior/fl/greedy,0.8631968340351052,0.05301568669460292,0.8621954745028958,0.8643257165502309,0.8558557600971695,0.8533001934428934,0.8046166471054438,0.8492956276957205,0.5129210891307525,-2.4147303138139113
1000,BAAI/bge-m3,coreset,prior,mmr,cost_norm,prior/mmr/cost_norm,0.7586321012717085,0.049887358307627576,0.7562279605223019,0.7588756735589167,0.753490304788227,0.7460272163274073,0.6368449046275535,0.7326171608051494,0.3715868036280263,-0.679496538667184
1000,BAAI/bge-m3,coreset,prior,graphcut,cost_norm,prior/graphcut/cost_norm,0.7577897358806746,0.049084299402135725,0.7573599073542372,0.7559514971989417,0.756820706476985,0.7401544577609778,0.6368449046275535,0.7337281212127909,0.3676401083621214,-0.6788416875983184
1000,BAAI/bge-m3,coreset,prior,fl,cost_norm,prior/fl/cost_norm,0.8797643838876371,0.04627254747627479,0.8819428751335253,0.8806319408471543,0.8669049214065525,0.8693418683089847,0.7636388060178919,0.8673823965487785,0.48091651485213693,-5.9054635493260506
1000,BAAI/bge-m3,coreset,prior,dpp,dpp,prior/dpp/dpp,0.7904423483717308,0.06367552753994768,0.7875682395077396,0.7932803001878825,0.7813591773499031,0.7905770437842092,0.7066949320382204,0.762131733078862,0.4296905755434396,-1.860254760620729
1000,BAAI/bge-m3,coreset,prior,mmr,topk,prior/mmr/topk,0.7221185228966924,0.0671779158402164,0.7147699837927322,0.7272742097838588,0.7179396278858943,0.7103371342278962,0.682714214106744,0.6931718088645056,0.5459536963476325,-15.098563149290264
1000,BAAI/bge-m3,coreset,prior,graphcut,topk,prior/graphcut/topk,0.7221185228966924,0.0671779158402164,0.7147699837927322,0.7272742097838588,0.7179396278858943,0.7103371342278962,0.682714214106744,0.6931718088645056,0.5459536963476325,-15.098563149290264
1000,BAAI/bge-m3,coreset,prior,fl,topk,prior/fl/topk,0.7221185228966924,0.0671779158402164,0.7147699837927322,0.7272742097838588,0.7179396278858943,0.7103371342278962,0.682714214106744,0.6931718088645056,0.5459536963476325,-15.098563149290264
1000,NovaSearch/stella_en_1.5B_v5,coreset,prior,mmr,greedy,prior/mmr/greedy,0.667752430300359,0.0736541833183816,0.6662068775205381,0.6728409752851054,0.6501741712777902,0.664873855125724,0.5919771976686579,0.642994896426879,0.1742282684470685,-0.4131418244456345
1000,NovaSearch/stella_en_1.5B_v5,coreset,prior,graphcut,greedy,prior/graphcut/greedy,0.656135922708376,0.07237389697781149,0.6644470227746829,0.6551676368212771,0.634350515504709,0.6479422584231637,0.5919771976686579,0.6399943885668835,0.1555432013745578,-0.4139667433106674
1000,NovaSearch/stella_en_1.5B_v5,coreset,prior,fl,greedy,prior/fl/greedy,0.8420052789718813,0.06818541474113206,0.8431664753677445,0.8423618315754177,0.8340991727205007,0.8190818117428436,0.7345002867327769,0.834731130652763,0.38019945549796214,-1.9499096870422363
1000,NovaSearch/stella_en_1.5B_v5,coreset,prior,mmr,cost_norm,prior/mmr/cost_norm,0.6620628031817266,0.07278082560185554,0.6571685556161918,0.6694093223210369,0.6563022667247864,0.6456010879835655,0.5919771976686579,0.6380461575606092,0.17756222919473108,-0.29757034996489307
1000,NovaSearch/stella_en_1.5B_v5,coreset,prior,graphcut,cost_norm,prior/graphcut/cost_norm,0.6612224256205342,0.07258803051246225,0.6548940208650921,0.6676528684866161,0.6566904012938349,0.6706467854830046,0.5919771976686579,0.6446360256249769,0.16805109019689965,-0.30304852718452235
1000,NovaSearch/stella_en_1.5B_v5,coreset,prior,fl,cost_norm,prior/fl/cost_norm,0.8615148569128616,0.05852403832634665,0.8620950990523738,0.8625293511814723,0.8539102481781582,0.871926348149292,0.770613686912721,0.8496554430486839,0.3605378347466577,-4.858371006992628
1000,NovaSearch/stella_en_1.5B_v5,coreset,prior,dpp,dpp,prior/dpp/dpp,0.6188950589213645,0.09725919963335092,0.6244910249131653,0.6166444491179632,0.6098944742278923,0.6040780710972184,0.6141043949114069,0.5804627646226115,0.2716993959444874,-1.1738548388458647
1000,NovaSearch/stella_en_1.5B_v5,coreset,prior,mmr,topk,prior/mmr/topk,0.4836482225819461,0.10894651804119349,0.48487951531205786,0.4814169669130291,0.477774567838099,0.5134122665009,0.4873825671051329,0.4419883256472307,0.5006790778968694,-18.201407621772784
1000,NovaSearch/stella_en_1.5B_v5,coreset,prior,graphcut,topk,prior/graphcut/topk,0.4836482225819461,0.10894651804119349,0.48487951531205786,0.4814169669130291,0.477774567838099,0.5134122665009,0.4873825671051329,0.4419883256472307,0.5006790778968694,-18.201407621772784
1000,NovaSearch/stella_en_1.5B_v5,coreset,prior,fl,topk,prior/fl/topk,0.4836482225819461,0.10894651804119349,0.48487951531205786,0.4814169669130291,0.477774567838099,0.5134122665009,0.4873825671051329,0.4419883256472307,0.5006790778968694,-18.201407621772784
1000,all-MiniLM-L6-v2,coreset,prior,mmr,greedy,prior/mmr/greedy,0.53600771023764,0.09474467612662406,0.5299729699356847,0.5412131319022423,0.5438815092157616,0.5197447468907683,0.40674023501832696,0.5214671796087481,0.04502522238002506,-0.10997738148402071
1000,all-MiniLM-L6-v2,coreset,prior,graphcut,greedy,prior/graphcut/greedy,0.522891806212877,0.08970783100867609,0.5177636254969915,0.525585108329977,0.5251889192860763,0.49317147518711024,0.35015807040224767,0.5072168649087292,0.026316409714676206,-0.12564838272387618
1000,all-MiniLM-L6-v2,coreset,prior,fl,greedy,prior/fl/greedy,0.7548118502598757,0.09100887137201596,0.7641808314430687,0.7530954817508484,0.7397136818946359,0.74265274118878,0.6253395630180245,0.7647737631038711,0.27720565159084665,-1.2613640307396088
1000,all-MiniLM-L6-v2,coreset,prior,mmr,cost_norm,prior/mmr/cost_norm,0.5602143995229002,0.09033277021053265,0.5668675306243631,0.5533880584780542,0.5509143494669958,0.5448946568111592,0.6197820816158255,0.5455549611969062,0.05664820486310659,-0.12872647859577863
1000,all-MiniLM-L6-v2,coreset,prior,graphcut,cost_norm,prior/graphcut/cost_norm,0.532914361034029,0.08550945978681997,0.5348761861289434,0.5262857944247674,0.5392035299226889,0.5489566243256312,0.49213406267882503,0.5255006188211203,0.03562729917579212,-0.14342542546186246
1000,all-MiniLM-L6-v2,coreset,prior,fl,cost_norm,prior/fl/cost_norm,0.7913928518661032,0.07774626038406256,0.7961867568732539,0.796560230914273,0.7702492143960848,0.771486208472614,0.6755145888488087,0.7998669892416558,0.2317704908760651,-3.1077371324008367
1000,all-MiniLM-L6-v2,coreset,prior,dpp,dpp,prior/dpp/dpp,0.5451336163499807,0.12311061958448505,0.5472575133041614,0.5471367871195071,0.5331300647016181,0.5499220347604473,0.3570990484237223,0.5138215005022085,0.1445334829513054,-0.5203339307973126
1000,all-MiniLM-L6-v2,coreset,prior,mmr,topk,prior/mmr/topk,0.3820608297956352,0.1341066503686444,0.38231796981312954,0.37583458270511416,0.38181163090807857,0.3808309531903736,0.30297780679373254,0.3512116488165338,0.36818559731374373,-18.544483547432804
1000,all-MiniLM-L6-v2,coreset,prior,graphcut,topk,prior/graphcut/topk,0.3820608297956352,0.1341066503686444,0.38231796981312954,0.37583458270511416,0.38181163090807857,0.3808309531903736,0.30297780679373254,0.3512116488165338,0.36818559731374373,-18.544483547432804
1000,all-MiniLM-L6-v2,coreset,prior,fl,topk,prior/fl/topk,0.3820608297956352,0.1341066503686444,0.38231796981312954,0.37583458270511416,0.38181163090807857,0.3808309531903736,0.30297780679373254,0.3512116488165338,0.36818559731374373,-18.544483547432804
1000,google/embeddinggemma-300m,coreset,prior,mmr,greedy,prior/mmr/greedy,0.6475128266017164,0.07088655390653689,0.650671788902398,0.6446101572933126,0.6369956542110434,0.6265243737944401,0.5488198100083306,0.6191759367835482,0.17766228683714597,-0.41364831649610456
1000,google/embeddinggemma-300m,coreset,prior,graphcut,greedy,prior/graphcut/greedy,0.6318727922106698,0.06930831365533313,0.6376178222407963,0.625997874508944,0.6199955685048255,0.634719580482402,0.6274028139821498,0.5989586271849721,0.15914540259905582,-0.3622279161903656
1000,google/embeddinggemma-300m,coreset,prior,fl,greedy,prior/fl/greedy,0.8067009954473087,0.07455265792613884,0.8091858095077634,0.8062635460628964,0.7882458724835136,0.7828202954722113,0.7031389638577535,0.7953948374600932,0.38238844500397734,-1.5329536210815862
1000,google/embeddinggemma-300m,coreset,prior,mmr,cost_norm,prior/mmr/cost_norm,0.6382194684250988,0.07095880325848483,0.6354611856858877,0.6344774557654544,0.6391069613962959,0.6420699834280781,0.5927632559204069,0.607487219754832,0.18524805431798944,-0.2517497408080776
1000,google/embeddinggemma-300m,coreset,prior,graphcut,cost_norm,prior/graphcut/cost_norm,0.63650024609469,0.06942602467529897,0.6288498913063713,0.6348763096575515,0.6408682327428924,0.6469579624554226,0.5533597230563948,0.6107002540675058,0.17628280031231214,-0.24844016693532467
1000,google/embeddinggemma-300m,coreset,prior,fl,cost_norm,prior/fl/cost_norm,0.8242830016741819,0.06304496986229184,0.832268122105566,0.820038183249372,0.8100504939920005,0.8051446735316843,0.7778287412450277,0.8159457617372577,0.3328382262503201,-3.613829847214357
1000,google/embeddinggemma-300m,coreset,prior,dpp,dpp,prior/dpp/dpp,0.6864890634658772,0.09389157348997751,0.6859128292103015,0.6868713835263095,0.675201122874287,0.685629866784277,0.6235086145497798,0.6485069433764982,0.26914497689818434,-0.8368792228822438
1000,google/embeddinggemma-300m,coreset,prior,mmr,topk,prior/mmr/topk,0.6228743729632515,0.09741787507005457,0.6226721994203493,0.6211581676291246,0.6127745544649675,0.6586679272697206,0.6235086145497798,0.5896751492611354,0.38825900311458783,-13.468148290337819
1000,google/embeddinggemma-300m,coreset,prior,graphcut,topk,prior/graphcut/topk,0.6228743729632515,0.09741787507005457,0.6226721994203493,0.6211581676291246,0.6127745544649675,0.6586679272697206,0.6235086145497798,0.5896751492611354,0.38825900311458783,-13.468148290337819
1000,google/embeddinggemma-300m,coreset,prior,fl,topk,prior/fl/topk,0.6228743729632515,0.09741787507005457,0.6226721994203493,0.6211581676291246,0.6127745544649675,0.6586679272697206,0.6235086145497798,0.5896751492611354,0.38825900311458783,-13.468148290337819
1000,Qwen/Qwen3-Embedding-0.6B,coreset,prior,mmr,greedy,prior/mmr/greedy,0.8400719911521727,0.025883266983448335,0.8378145970938929,0.8392964377190985,0.8419226597200377,0.8253299515672341,0.8299019452118178,0.8356509807093901,0.5250271440676924,-2.55874598757276
1000,Qwen/Qwen3-Embedding-0.6B,coreset,prior,graphcut,greedy,prior/graphcut/greedy,0.8332544392013858,0.02648135953811261,0.8315356198626684,0.8336307804465473,0.8272897779162803,0.8182328674908009,0.7487189229548683,0.8310401954706649,0.511194903614386,-2.5342446090477817
1000,Qwen/Qwen3-Embedding-0.6B,coreset,prior,fl,greedy,prior/fl/greedy,0.9418609135670337,0.02350861110882658,0.9423176077129067,0.9403098363733312,0.93991888476942,0.9374801385296507,0.8793332754077738,0.9315530267990288,0.7268367592456206,-5.343239322023572
1000,Qwen/Qwen3-Embedding-0.6B,coreset,prior,mmr,cost_norm,prior/mmr/cost_norm,0.8568827509524131,0.026193475935010695,0.8548264947263571,0.8560316372049692,0.8563785751612649,0.8568727995715097,0.8045987845029633,0.848459904024931,0.5692469109341783,-1.6205032203557357
1000,Qwen/Qwen3-Embedding-0.6B,coreset,prior,graphcut,cost_norm,prior/graphcut/cost_norm,0.8580822341154308,0.02589940346056982,0.8575679935699255,0.854569129303429,0.8589378424814804,0.851229780142315,0.8045987845029633,0.8493521087560032,0.5655925384951088,-1.6249280563502941
1000,Qwen/Qwen3-Embedding-0.6B,coreset,prior,fl,cost_norm,prior/fl/cost_norm,0.9468097360219934,0.02225237708749636,0.9462717579878244,0.9462400418954743,0.9451907107120645,0.940234070416553,0.8867829511754155,0.9406224035777317,0.6958605469960086,-11.813113828874984
1000,Qwen/Qwen3-Embedding-0.6B,coreset,prior,dpp,dpp,prior/dpp/dpp,0.8188313199822149,0.03305385534581289,0.8167504574152815,0.8179035416083282,0.8179635404919037,0.8257068997890596,0.83087496838113,0.80136423157506,0.5827859343504006,-3.36990458785363
1000,Qwen/Qwen3-Embedding-0.6B,coreset,prior,mmr,topk,prior/mmr/topk,0.7783277513796768,0.03679290043523992,0.7767973576803525,0.7768854612085636,0.7746031944178382,0.7694342921129601,0.7925542654144928,0.7583976252850567,0.7263676706912383,-18.914244704651384
1000,Qwen/Qwen3-Embedding-0.6B,coreset,prior,graphcut,topk,prior/graphcut/topk,0.7783277513796768,0.03679290043523992,0.7767973576803525,0.7768854612085636,0.7746031944178382,0.7694342921129601,0.7925542654144928,0.7583976252850567,0.7263676706912383,-18.914244704651384
1000,Qwen/Qwen3-Embedding-0.6B,coreset,prior,fl,topk,prior/fl/topk,0.7783277513796768,0.03679290043523992,0.7767973576803525,0.7768854612085636,0.7746031944178382,0.7694342921129601,0.7925542654144928,0.7583976252850567,0.7263676706912383,-18.914244704651384
1000,all-mpnet-base-v2,coreset,prior,mmr,greedy,prior/mmr/greedy,0.5469491139816538,0.08836324585004235,0.5417612777267621,0.5592024471045689,0.5295957777112539,0.5305285987848363,0.3161980225350699,0.5325543089672536,0.04903277259661579,-0.1202779421714609
1000,all-mpnet-base-v2,coreset,prior,graphcut,greedy,prior/graphcut/greedy,0.5232600377818388,0.0854808699585638,0.5206078892796162,0.524919105482758,0.5166065966759766,0.47634334154305435,0.4750294398390963,0.5128059423914614,0.03379217763145823,-0.1373338697188235
1000,all-mpnet-base-v2,coreset,prior,fl,greedy,prior/fl/greedy,0.7825227471318784,0.08314805022739577,0.791912787175766,0.7730014727488299,0.7760935571668641,0.7708617658487028,0.6201014384858397,0.7902845387938415,0.31004689876341596,-1.421786610810262
1000,all-mpnet-base-v2,coreset,prior,mmr,cost_norm,prior/mmr/cost_norm,0.5568602859141586,0.0854215180536486,0.5592306584590598,0.5641375719103945,0.5321249404083479,0.55097287986704,0.44336657920687633,0.5415960336046067,0.060623446386087826,-0.13410121484501464
1000,all-mpnet-base-v2,coreset,prior,graphcut,cost_norm,prior/graphcut/cost_norm,0.5479755876073735,0.081054715123379,0.5563718164059914,0.5497816926209859,0.5350263600685717,0.5502263604111097,0.35719159270691303,0.5326558243296311,0.04379393493108405,-0.14927933562792978
1000,all-mpnet-base-v2,coreset,prior,fl,cost_norm,prior/fl/cost_norm,0.8086482666288114,0.0724075512503678,0.8147553851483731,0.8051370658205399,0.8011944999925491,0.7990024429239854,0.6332409475399262,0.8131257424809796,0.2606304286856134,-3.4515495356523767
1000,all-mpnet-base-v2,coreset,prior,dpp,dpp,prior/dpp/dpp,0.5634279013541954,0.11612350022736585,0.5627745589111166,0.5614983081415866,0.5668386139212631,0.5241924459003406,0.5175314590356374,0.5278057743346258,0.1617406491752503,-0.7151583226503067
1000,all-mpnet-base-v2,coreset,prior,mmr,topk,prior/mmr/topk,0.4042406243129457,0.1288177716493044,0.39702821929068316,0.41536120073327887,0.3987217163475518,0.38122476067399674,0.3081361305595289,0.37810829729890477,0.3964474445454917,-20.42067973245427
1000,all-mpnet-base-v2,coreset,prior,graphcut,topk,prior/graphcut/topk,0.4042406243129457,0.1288177716493044,0.39702821929068316,0.41536120073327887,0.3987217163475518,0.38122476067399674,0.3081361305595289,0.37810829729890477,0.3964474445454917,-20.42067973245427
1000,all-mpnet-base-v2,coreset,prior,fl,topk,prior/fl/topk,0.4042406243129457,0.1288177716493044,0.39702821929068316,0.41536120073327887,0.3987217163475518,0.38122476067399674,0.3081361305595289,0.37810829729890477,0.3964474445454917,-20.42067973245427
1250,BAAI/bge-m3,centroid,prior,mmr,greedy,prior/mmr/greedy,0.7687210523823327,0.022375921683631977,0.7656610161277618,0.768173781621685,0.7624140563976282,0.7454254812649938,0.702200458920241,0.7517231115616149,0.35685501556913807,-1.6431442815458999
1250,BAAI/bge-m3,centroid,prior,graphcut,greedy,prior/graphcut/greedy,0.7597680300824233,0.022781235653520474,0.7583718280638373,0.7599390151719261,0.7539805965349533,0.7424316412910994,0.6910942896315537,0.7462312350773123,0.3444528488336869,-1.650606337161559
1250,BAAI/bge-m3,centroid,prior,fl,greedy,prior/fl/greedy,0.8754830356990093,0.019945696027035702,0.8763903714167721,0.8744055674860044,0.8683488104313876,0.8667874630584096,0.8046166471054438,0.8614811863920611,0.5086989409799846,-3.4441346166268834
1250,BAAI/bge-m3,centroid,prior,mmr,cost_norm,prior/mmr/cost_norm,0.7732953560506188,0.02253446393681444,0.7690439005677894,0.7764041698740783,0.7623165205203553,0.7416205468659341,0.6445156376918959,0.7519992828035087,0.3884822984911361,-1.0548505656561762
1250,BAAI/bge-m3,centroid,prior,graphcut,cost_norm,prior/graphcut/cost_norm,0.7708322755225886,0.02259822507863337,0.7692327461919656,0.7724054421693679,0.7585227855149025,0.7520641357278078,0.6488143142552142,0.7508270650987671,0.38459906024190615,-1.042375365518174
1250,BAAI/bge-m3,centroid,prior,fl,cost_norm,prior/fl/cost_norm,0.8862268999309544,0.019301693346175663,0.8890828530585337,0.8855700535159975,0.8765697746183566,0.8612903609173927,0.7572818623055518,0.8787759217402219,0.47764325184079837,-7.634027285395928
1250,BAAI/bge-m3,centroid,prior,dpp,dpp,prior/dpp/dpp,0.7239185615353826,0.03133441821478729,0.7191351420636131,0.728509305112294,0.7138944775380459,0.7127674720455194,0.6528080024855061,0.6935873879697156,0.44345228711389145,-2.806395616171495
1250,BAAI/bge-m3,centroid,prior,mmr,topk,prior/mmr/topk,0.6908295895218093,0.034893577725116934,0.6892147919204318,0.6919711921917928,0.6891275988576956,0.6874418222949666,0.6520304736515602,0.6578878915046121,0.6197263419909297,-21.483327054752493
1250,BAAI/bge-m3,centroid,prior,graphcut,topk,prior/graphcut/topk,0.6908295895218093,0.034893577725116934,0.6892147919204318,0.6919711921917928,0.6891275988576956,0.6874418222949666,0.6520304736515602,0.6578878915046121,0.6197263419909297,-21.483327054752493
1250,BAAI/bge-m3,centroid,prior,fl,topk,prior/fl/topk,0.6908295895218093,0.03489357774268906,0.6892147919204318,0.6919711921917928,0.6891275988576956,0.6874418222949666,0.6520304736515602,0.6578878915046121,0.6197263419909297,-21.483327054752493
1250,NovaSearch/stella_en_1.5B_v5,centroid,prior,mmr,greedy,prior/mmr/greedy,0.6875289979411849,0.05190582713112235,0.6990518900540591,0.6830364749488445,0.6705164614793603,0.6672014853482564,0.5868552554074157,0.6614844026464088,0.1862457434312915,-0.6860004973439675
1250,NovaSearch/stella_en_1.5B_v5,centroid,prior,graphcut,greedy,prior/graphcut/greedy,0.6858974773053281,0.051216767266181844,0.6913376256098103,0.6851589971934303,0.6687751778158536,0.6697214496083197,0.5700757778719967,0.6638353241930234,0.16615198478805568,-0.953486728429232
1250,NovaSearch/stella_en_1.5B_v5,centroid,prior,fl,greedy,prior/fl/greedy,0.8563314924045988,0.04091314220238688,0.8574934357298638,0.8567956542858712,0.8464887208133988,0.8366968161721691,0.7345002867327769,0.8460540137916329,0.37769123208972644,-2.71920433781057
1250,NovaSearch/stella_en_1.5B_v5,centroid,prior,mmr,cost_norm,prior/mmr/cost_norm,0.6816408925251832,0.052983046720190996,0.6731974363735371,0.6891707663707158,0.6795818175248843,0.6737913046981429,0.5186874572431099,0.660722335572051,0.1865703984392139,-0.42544136607562594
1250,NovaSearch/stella_en_1.5B_v5,centroid,prior,graphcut,cost_norm,prior/graphcut/cost_norm,0.6786321143722959,0.05199412542026279,0.6747051977882895,0.6831003907641893,0.6764766775578885,0.6806955206573733,0.5919771976686579,0.6578077145747483,0.1763218458531038,-0.49071632167500145
1250,NovaSearch/stella_en_1.5B_v5,centroid,prior,fl,cost_norm,prior/fl/cost_norm,0.8715393162631172,0.03831235237665615,0.8734044977009147,0.8723315252154525,0.8636458489356674,0.8656013316283295,0.8508582886106224,0.8594237592056493,0.354994683052009,-6.353540656701574
1250,NovaSearch/stella_en_1.5B_v5,centroid,prior,dpp,dpp,prior/dpp/dpp,0.5812734126994469,0.07332734638860203,0.5863876198323912,0.5727008217636219,0.5885489587178894,0.5417122295465994,0.5162942163145775,0.5480176450676733,0.28410190210308667,-1.8185172334032238
1250,NovaSearch/stella_en_1.5B_v5,centroid,prior,mmr,topk,prior/mmr/topk,0.49590494085738873,0.08082987318026288,0.49462717539320705,0.4944497303306066,0.49409197055479637,0.4553378531241057,0.6126089513567301,0.46571393381745946,0.459877342055991,-19.39228163912611
1250,NovaSearch/stella_en_1.5B_v5,centroid,prior,graphcut,topk,prior/graphcut/topk,0.49590494085738873,0.08082987318904895,0.49462717539320705,0.4944497303306066,0.49409197055479637,0.4553378531241057,0.6126089513567301,0.46571393381745946,0.459877342055991,-19.39228163912611
1250,NovaSearch/stella_en_1.5B_v5,centroid,prior,fl,topk,prior/fl/topk,0.49590494085738873,0.08082987318026288,0.49462717539320705,0.4944497303306066,0.49409197055479637,0.4553378531241057,0.6126089513567301,0.46571393381745946,0.459877342055991,-19.39228163912611
1250,all-MiniLM-L6-v2,centroid,prior,mmr,greedy,prior/mmr/greedy,0.5566116572551854,0.06983118964675462,0.5479116855667735,0.5608297145278022,0.5523830103197007,0.5497608561990368,0.30040311292760763,0.5335941857701428,0.04701991085971284,-0.1568559235058514
1250,all-MiniLM-L6-v2,centroid,prior,graphcut,greedy,prior/graphcut/greedy,0.5498100074102158,0.06818607212307881,0.5477213575670014,0.5556182028896346,0.5365069568540569,0.5448023539980574,0.44444395465124986,0.5353554544698861,0.03448647667186001,-0.22003911436922005
1250,all-MiniLM-L6-v2,centroid,prior,fl,greedy,prior/fl/greedy,0.7724427880640773,0.05955500833092714,0.7784665590024706,0.7744545094636617,0.7596788326173773,0.7608980842869448,0.6253395630180245,0.7831258833018868,0.2657907010179083,-1.6880314553964813
1250,all-MiniLM-L6-v2,centroid,prior,mmr,cost_norm,prior/mmr/cost_norm,0.5654557916585284,0.06871122037464718,0.5624239220201678,0.5609245504986026,0.5721407040317338,0.5639575150779371,0.41751645280982946,0.5520173124986231,0.057365721960212675,-0.1668743252016182
1250,all-MiniLM-L6-v2,centroid,prior,graphcut,cost_norm,prior/graphcut/cost_norm,0.5554020430931348,0.06688016923671623,0.5569295809844345,0.5586085925929737,0.5492501880248969,0.5320218325368807,0.5014382347958296,0.5459985225923113,0.041415164718856895,-0.22541016877962733
1250,all-MiniLM-L6-v2,centroid,prior,fl,cost_norm,prior/fl/cost_norm,0.8078841479571541,0.05655942216761551,0.8094019385798524,0.8107630721250276,0.798864983246764,0.7960612001838048,0.6906985818335967,0.8134206863927143,0.2235189380370221,-4.023622902496806
1250,all-MiniLM-L6-v2,centroid,prior,dpp,dpp,prior/dpp/dpp,0.4042910959192656,0.09167075176494864,0.3952569529575773,0.4152570110349852,0.39587844072667205,0.4154060338651912,0.3914097282259759,0.37621268923975126,0.16289621124149495,-1.0205878565474502
1250,all-MiniLM-L6-v2,centroid,prior,mmr,topk,prior/mmr/topk,0.3159851034600422,0.10508038586813886,0.3118993503605081,0.31956441471037705,0.3186649775059354,0.35820615458154853,0.38070404065449137,0.28788247792812016,0.42407639131371705,-23.785422683183878
1250,all-MiniLM-L6-v2,centroid,prior,graphcut,topk,prior/graphcut/topk,0.3160481058883313,0.10507247628608965,0.3119138901970395,0.31973888204037193,0.31866497769456953,0.35820615458154853,0.38070404065449137,0.287882478066391,0.42280705417242814,-23.655090096283633
1250,all-MiniLM-L6-v2,centroid,prior,fl,topk,prior/fl/topk,0.3159851034600422,0.10508038586813886,0.3118993503605081,0.31956441471037705,0.3186649775059354,0.35820615458154853,0.38070404065449137,0.28788247792812016,0.42407639131371705,-23.785422683183878
1250,google/embeddinggemma-300m,centroid,prior,mmr,greedy,prior/mmr/greedy,0.6549444740521758,0.03964806759273106,0.6510229647422934,0.6544017631841058,0.6460512356593118,0.6320861057150342,0.6260810237205413,0.6394403805619192,0.17816162713856068,-0.6189123214275207
1250,google/embeddinggemma-300m,centroid,prior,graphcut,greedy,prior/graphcut/greedy,0.6437622608114236,0.03982224764372661,0.6445134620681057,0.6418336547956316,0.6332142162570195,0.6181104941897733,0.606470909605726,0.6259178608773031,0.1646925916297818,-0.6335684229742806
1250,google/embeddinggemma-300m,centroid,prior,fl,greedy,prior/fl/greedy,0.8217851450720585,0.03494944041682724,0.8244403113204741,0.8206145522842584,0.8054515852418772,0.80361446756283,0.7549302546347143,0.8087253746411746,0.37614994299299315,-2.1846376561893606
1250,google/embeddinggemma-300m,centroid,prior,mmr,cost_norm,prior/mmr/cost_norm,0.6453928778308187,0.040201935969855426,0.648758230845071,0.6471671991911961,0.627835594910979,0.6154657747669704,0.5865804110836836,0.6232680141782291,0.1870649597203394,-0.34289711956286206
1250,google/embeddinggemma-300m,centroid,prior,graphcut,cost_norm,prior/graphcut/cost_norm,0.6426342262624075,0.039867886113670634,0.6457284271935938,0.640213100482622,0.6338593215477073,0.6090553270143664,0.5865804110836836,0.6230897982469439,0.17829744110129914,-0.3411509836760332
1250,google/embeddinggemma-300m,centroid,prior,fl,cost_norm,prior/fl/cost_norm,0.8405834523527304,0.03396899748224554,0.841758653598472,0.8400028807525031,0.8292223412003651,0.8154266843034317,0.8067291233686271,0.8272204837145091,0.3268474733351536,-4.876286747320643
1250,google/embeddinggemma-300m,centroid,prior,dpp,dpp,prior/dpp/dpp,0.6138614840098566,0.052827081713333446,0.6108835548498714,0.6114946872397661,0.6127878872259055,0.616833467389863,0.5346133936292935,0.5733307372430584,0.27764388616636115,-1.5478968375696327
1250,google/embeddinggemma-300m,centroid,prior,mmr,topk,prior/mmr/topk,0.5715079223484135,0.057069848713306885,0.578255182312516,0.56612270978256,0.5546670010531731,0.5651700062372661,0.5718288938282149,0.537198288976666,0.4776428296880902,-19.205064539077146
1250,google/embeddinggemma-300m,centroid,prior,graphcut,topk,prior/graphcut/topk,0.5715079223484135,0.057069848713306885,0.578255182312516,0.56612270978256,0.5546670010531731,0.5651700062372661,0.5718288938282149,0.537198288976666,0.4776428296880902,-19.205064539077146
1250,google/embeddinggemma-300m,centroid,prior,fl,topk,prior/fl/topk,0.5715079223484135,0.057069848713306885,0.578255182312516,0.56612270978256,0.5546670010531731,0.5651700062372661,0.5718288938282149,0.537198288976666,0.4776428296880902,-19.205064539077146
1250,Qwen/Qwen3-Embedding-0.6B,centroid,prior,mmr,greedy,prior/mmr/greedy,0.847782681307053,0.014624917960971734,0.8462111578721603,0.8496318336547586,0.8479201827947973,0.8263949733964988,0.8230241616204458,0.842924292076544,0.531896969338633,-3.546148218636243
1250,Qwen/Qwen3-Embedding-0.6B,centroid,prior,graphcut,greedy,prior/graphcut/greedy,0.837627804865269,0.015268061567045186,0.8366484856674883,0.839283411277407,0.8316925647045323,0.8167337848684318,0.7480885441967461,0.83761833341197,0.5140049749950193,-3.6442828060321086
1250,Qwen/Qwen3-Embedding-0.6B,centroid,prior,fl,greedy,prior/fl/greedy,0.9458016964423269,0.011885943099909093,0.9460478731149722,0.9442157568226994,0.9443714478376061,0.9382469841806953,0.8916066214945482,0.9368289283077698,0.7206971215189628,-6.922691876033567
1250,Qwen/Qwen3-Embedding-0.6B,centroid,prior,mmr,cost_norm,prior/mmr/cost_norm,0.8671342248108905,0.014621269443283244,0.8670539421527371,0.8664317113528031,0.863757215957137,0.8592588538734358,0.7822975142291051,0.8594360902036914,0.5855664508241527,-2.367971478205807
1250,Qwen/Qwen3-Embedding-0.6B,centroid,prior,graphcut,cost_norm,prior/graphcut/cost_norm,0.8687094441720334,0.0145207759221348,0.8682959288663155,0.869992853393755,0.8658516112119304,0.8618470910307358,0.7822975142291051,0.8633900620242481,0.5850112838846333,-2.4151365262157514
1250,Qwen/Qwen3-Embedding-0.6B,centroid,prior,fl,cost_norm,prior/fl/cost_norm,0.9511118154711852,0.011412444333370143,0.9519060024642985,0.9493968396318975,0.9506858253610744,0.9417600457689854,0.8762048744288179,0.9469011267969746,0.6917251165745393,-15.357947826385498
1250,Qwen/Qwen3-Embedding-0.6B,centroid,prior,dpp,dpp,prior/dpp/dpp,0.8141327257029674,0.02093719401976691,0.8134079692606478,0.8131944537457281,0.819626069699187,0.7953319204867901,0.7962896224677116,0.7985763618929534,0.5917685789600858,-5.092969948390745
1250,Qwen/Qwen3-Embedding-0.6B,centroid,prior,mmr,topk,prior/mmr/topk,0.785843671621643,0.023814941172154165,0.7851993156766734,0.7823686270813862,0.7898416225360404,0.7743654894424371,0.8130246391907364,0.7693473219897216,0.7387015007014545,-24.422612069912677
1250,Qwen/Qwen3-Embedding-0.6B,centroid,prior,graphcut,topk,prior/graphcut/topk,0.785843671621643,0.023814941172154165,0.7851993156766734,0.7823686270813862,0.7898416225360404,0.7743654894424371,0.8130246391907364,0.7693473219897216,0.7387015007014545,-24.422612069912677
1250,Qwen/Qwen3-Embedding-0.6B,centroid,prior,fl,topk,prior/fl/topk,0.785843671621643,0.023814941172154165,0.7851993156766734,0.7823686270813862,0.7898416225360404,0.7743654894424371,0.8130246391907364,0.7693473219897216,0.7387015007014545,-24.422612069912677
1250,all-mpnet-base-v2,centroid,prior,mmr,greedy,prior/mmr/greedy,0.5643860876139651,0.06681675460400446,0.569335568203089,0.5599303853300865,0.5564845816818733,0.5478686081193129,0.5747797007778438,0.5475477275799292,0.05587960413068463,-0.18475043921256964
1250,all-mpnet-base-v2,centroid,prior,graphcut,greedy,prior/graphcut/greedy,0.554164047144864,0.06539090207936067,0.5481970996100264,0.5605676318419982,0.5473613041321325,0.5256883292694738,0.3108427833590322,0.5462464798706332,0.042186940638546146,-0.2311723328037363
1250,all-mpnet-base-v2,centroid,prior,fl,greedy,prior/fl/greedy,0.8036655104226991,0.05468954817163495,0.813422387898012,0.7954523603183967,0.7986474708567336,0.7762097537206548,0.6201014384858397,0.8089192887833422,0.30134554734488705,-2.0408899819232382
1250,all-mpnet-base-v2,centroid,prior,mmr,cost_norm,prior/mmr/cost_norm,0.5589994021414162,0.06620304938405752,0.5616573624651563,0.5577903900027765,0.5520978116493013,0.5462278235079546,0.36884131113471874,0.5553103993123801,0.061029376950277506,-0.17426317257209206
1250,all-mpnet-base-v2,centroid,prior,graphcut,cost_norm,prior/graphcut/cost_norm,0.5568739315218102,0.06501610362726562,0.5601767586189196,0.555478005995487,0.5469150434978223,0.5397599116008764,0.3688411949554011,0.5508015685949335,0.047689575855708065,-0.20795163499929434
1250,all-mpnet-base-v2,centroid,prior,fl,cost_norm,prior/fl/cost_norm,0.828804414686761,0.05246346465856681,0.8319921558193171,0.8266641958469176,0.8259388835972648,0.8205008660377049,0.8160059781229698,0.8363584877303468,0.25427263785364496,-4.699155733270465
1250,all-mpnet-base-v2,centroid,prior,dpp,dpp,prior/dpp/dpp,0.4350552619908483,0.08750490800319415,0.4351909709198476,0.4364139816062895,0.43443914626513874,0.42919765518712466,0.2983326641404636,0.4027331697845975,0.17039295943137608,-1.1123931218500969
1250,all-mpnet-base-v2,centroid,prior,mmr,topk,prior/mmr/topk,0.3602817752159885,0.10218527271711039,0.3567283479889276,0.3654758875670642,0.34819920472994426,0.33406391859265544,0.3200558961933149,0.3416134350600998,0.41662658037582656,-22.75944216183896
1250,all-mpnet-base-v2,centroid,prior,graphcut,topk,prior/graphcut/topk,0.3602817752159885,0.10218527271711039,0.3567283479889276,0.3654758875670642,0.34819920472994426,0.33406391859265544,0.3200558961933149,0.3416134350600998,0.41662658037582656,-22.75944216183896
1250,all-mpnet-base-v2,centroid,prior,fl,topk,prior/fl/topk,0.3602817754549369,0.10218527275225464,0.3567283482994873,0.3654758877039058,0.3481992051594337,0.33406391859265544,0.3200558961933149,0.3416134354438536,0.41662658093813454,-22.758374892315775
1250,BAAI/bge-m3,coreset,prior,mmr,greedy,prior/mmr/greedy,0.7761239324526983,0.04872892480695023,0.7715460549391138,0.7771724676801799,0.7747722013146052,0.771296402655866,0.6549118690059371,0.7550926500159069,0.3594499626811945,-1.6706069165243294
1250,BAAI/bge-m3,coreset,prior,graphcut,greedy,prior/graphcut/greedy,0.7627793534934764,0.048468611932377205,0.7606362019235393,0.7647006562898707,0.754280639404812,0.7515595999983306,0.6702008873501558,0.7449030523725368,0.3438789632241681,-1.6169296306259227
1250,BAAI/bge-m3,coreset,prior,fl,greedy,prior/fl/greedy,0.8754556763652909,0.05385735908628635,0.8774003082580197,0.8756605956467141,0.8645805570002941,0.8639589358418085,0.8101352770008681,0.862846961381942,0.5096805306538096,-3.36439673743158
1250,BAAI/bge-m3,coreset,prior,mmr,cost_norm,prior/mmr/cost_norm,0.7722345184976328,0.04833491172044063,0.7689835282743329,0.7703426210792778,0.7708773034246393,0.767646546120618,0.7074828398335691,0.7471174910311974,0.3868238485927852,-1.0605831348671104
1250,BAAI/bge-m3,coreset,prior,graphcut,cost_norm,prior/graphcut/cost_norm,0.7685246701502707,0.04784211128036368,0.7666288873949546,0.7652342854339527,0.7642534308270097,0.7734823409958905,0.6988356761995442,0.7456974210470209,0.38339247217155853,-1.0711158916073025
1250,BAAI/bge-m3,coreset,prior,fl,cost_norm,prior/fl/cost_norm,0.887816566808924,0.04576009573450066,0.8876206616368023,0.8909336132644098,0.8766620354383446,0.8669733492575524,0.8236299685874778,0.8776364028322894,0.4781049449207648,-7.784087700663872
1250,BAAI/bge-m3,coreset,prior,dpp,dpp,prior/dpp/dpp,0.8138847507439151,0.06216650297162386,0.8159047357802596,0.8128375825639933,0.8088684122885084,0.7996737356709702,0.7066949320382204,0.7928871980389813,0.43382647071244584,-2.614608626320677
1250,BAAI/bge-m3,coreset,prior,mmr,topk,prior/mmr/topk,0.7486425746563633,0.06596158611816617,0.7454251766977462,0.7527551577824453,0.7417663161748566,0.7366855086080766,0.7006872999285043,0.722120296038104,0.534011443128001,-19.656151902000857
1250,BAAI/bge-m3,coreset,prior,graphcut,topk,prior/graphcut/topk,0.7486425746563633,0.06596158611816617,0.7454251766977462,0.7527551577824453,0.7417663161748566,0.7366855086080766,0.7006872999285043,0.722120296038104,0.534011443128001,-19.656151902000857
1250,BAAI/bge-m3,coreset,prior,fl,topk,prior/fl/topk,0.7486425746563633,0.06596158611816617,0.7454251766977462,0.7527551577824453,0.7417663161748566,0.7366855086080766,0.7006872999285043,0.722120296038104,0.534011443128001,-19.656151902000857
1250,NovaSearch/stella_en_1.5B_v5,coreset,prior,mmr,greedy,prior/mmr/greedy,0.6892229116875617,0.07027249958998752,0.6956962324981009,0.6890049171993161,0.6745761620614124,0.6835637129099315,0.5919771976686579,0.664830305665365,0.18695567604505792,-0.6895315884348919
1250,NovaSearch/stella_en_1.5B_v5,coreset,prior,graphcut,greedy,prior/graphcut/greedy,0.67957089545394,0.06975049766237443,0.6810364625202039,0.6805802766403334,0.666636611109279,0.6894521855261961,0.5919771976686579,0.6615801191059094,0.16683187732859603,-0.7947121224946009
1250,NovaSearch/stella_en_1.5B_v5,coreset,prior,fl,greedy,prior/fl/greedy,0.854920996137409,0.06940813410043153,0.8573999474713345,0.8551491969609797,0.8461413841999028,0.8402280571214097,0.7345002867327769,0.8474359194524398,0.37656531243954067,-2.7699283268654122
1250,NovaSearch/stella_en_1.5B_v5,coreset,prior,mmr,cost_norm,prior/mmr/cost_norm,0.6803176300227813,0.07048911162880513,0.682745142821369,0.6782803071618764,0.6750648599316642,0.6660858621302395,0.5919771976686579,0.6614240423363528,0.18920566623081575,-0.4575328043890449
1250,NovaSearch/stella_en_1.5B_v5,coreset,prior,graphcut,cost_norm,prior/graphcut/cost_norm,0.6831489052517943,0.07144938078093922,0.6867926925391661,0.681204983836701,0.6744433653087398,0.6771411842240082,0.5919771976686579,0.6669019915319996,0.17924879484300343,-0.531676710776563
1250,NovaSearch/stella_en_1.5B_v5,coreset,prior,fl,cost_norm,prior/fl/cost_norm,0.8733946553065243,0.05863122834455011,0.8732433211972352,0.8730582573639398,0.8681009210475166,0.8799092942711629,0.8124585368650604,0.8637910004997748,0.3564834530061146,-6.4213662349952845
1250,NovaSearch/stella_en_1.5B_v5,coreset,prior,dpp,dpp,prior/dpp/dpp,0.6645631424030709,0.0939908495418868,0.6741511103278761,0.6597627116603743,0.6472533918770127,0.659289259232163,0.6861362847620558,0.6257763931338537,0.27220018953084946,-1.7399436006287359
1250,NovaSearch/stella_en_1.5B_v5,coreset,prior,mmr,topk,prior/mmr/topk,0.497836905503913,0.10614154029215844,0.49972118435003793,0.49905302673972946,0.48278638428931453,0.4846928242655837,0.5230518772455811,0.46067782510010497,0.48763202109707976,
1250,NovaSearch/stella_en_1.5B_v5,coreset,prior,graphcut,topk,prior/graphcut/topk,0.497836905503913,0.10614154029215844,0.49972118435003793,0.49905302673972946,0.48278638428931453,0.4846928242655837,0.5230518772455811,0.46067782510010497,0.48763202109707976,
1250,NovaSearch/stella_en_1.5B_v5,coreset,prior,fl,topk,prior/fl/topk,0.497836905503913,0.10614154029215844,0.49972118435003793,0.49905302673972946,0.48278638428931453,0.4846928242655837,0.5230518772455811,0.46067782510010497,0.48763202109707976,
1250,all-MiniLM-L6-v2,coreset,prior,mmr,greedy,prior/mmr/greedy,0.5738948999626745,0.09146110420027431,0.5711629899940325,0.572368182645831,0.580075472438687,0.5782706667496316,0.4765615172577269,0.5595235543998061,0.05580564659626447,-0.1866906773878859
1250,all-MiniLM-L6-v2,coreset,prior,graphcut,greedy,prior/graphcut/greedy,0.5529717099239534,0.08634060094097876,0.5515035777930658,0.5544976972062384,0.5509815781225975,0.5155601460448234,0.3513301126956577,0.5396459984674635,0.036124492217462625,-0.22066135911868429
1250,all-MiniLM-L6-v2,coreset,prior,fl,greedy,prior/fl/greedy,0.7701806388718538,0.09355367894091134,0.7770845174351604,0.768821255120517,0.7615699213350575,0.7580611007886388,0.6253395630180245,0.7815459191690798,0.2643489120000938,-1.62723310390171
1250,all-MiniLM-L6-v2,coreset,prior,mmr,cost_norm,prior/mmr/cost_norm,0.577683085041888,0.08800431384863157,0.5764586205071263,0.5821622073820242,0.5673369081159412,0.5662799516105342,0.38654655139944316,0.5763120101980301,0.061050378029972735,-0.18860152683589818
1250,all-MiniLM-L6-v2,coreset,prior,graphcut,cost_norm,prior/graphcut/cost_norm,0.5610299347907374,0.08378430065821926,0.5608847191302255,0.5571753524271332,0.5630214999473391,0.5327265096158728,0.412517668910788,0.554555161278002,0.04344976050444255,-0.21205105766970314
1250,all-MiniLM-L6-v2,coreset,prior,fl,cost_norm,prior/fl/cost_norm,0.8036816412373928,0.07717032154213707,0.8024016134673677,0.809504256047111,0.789590034611363,0.798486024122263,0.6175920546616477,0.8176276781652125,0.22544989267469578,-4.132643445482794
1250,all-MiniLM-L6-v2,coreset,prior,dpp,dpp,prior/dpp/dpp,0.6082686049672377,0.11929611640297016,0.6178161542026412,0.6058293234164162,0.5938723757178388,0.5886481203412334,0.4114381293640574,0.5821501008030922,0.15046236604311555,-0.8404023484766202
1250,all-MiniLM-L6-v2,coreset,prior,mmr,topk,prior/mmr/topk,0.4198607730786486,0.13132685083755344,0.4114133716790301,0.4229789338464657,0.41107894718326526,0.41698567798526337,0.3371893943635447,0.39611178928608454,0.35232190875652825,-23.29152834078051
1250,all-MiniLM-L6-v2,coreset,prior,graphcut,topk,prior/graphcut/topk,0.4198607730786486,0.13132685083755344,0.4114133716790301,0.4229789338464657,0.41107894718326526,0.41698567798526337,0.3371893943635447,0.39611178928608454,0.35232190875652825,-23.29152834078051
1250,all-MiniLM-L6-v2,coreset,prior,fl,topk,prior/fl/topk,0.4198607730786486,0.13132685083755344,0.4114133716790301,0.4229789338464657,0.41107894718326526,0.41698567798526337,0.3371893943635447,0.39611178928608454,0.35232190875652825,-23.29152834078051
1250,google/embeddinggemma-300m,coreset,prior,mmr,greedy,prior/mmr/greedy,0.6688283403678822,0.06911801147924841,0.6705550138449586,0.6681869819171363,0.6597715456014561,0.6593290833507457,0.5488198100083306,0.6362853538781095,0.18433045254985117,-0.6107440761659505
1250,google/embeddinggemma-300m,coreset,prior,graphcut,greedy,prior/graphcut/greedy,0.6521724270090066,0.06673555724533661,0.6530077215530049,0.6502143612187699,0.6408664723670975,0.6592789922815997,0.6274028139821498,0.6258948856366764,0.1673163639135518,-0.6007640956426566
1250,google/embeddinggemma-300m,coreset,prior,fl,greedy,prior/fl/greedy,0.8208658183053119,0.07615199006812752,0.8244818241054682,0.8176582691599259,0.8056928250947578,0.8026267919079508,0.7031389638577535,0.8093207463281284,0.3737032987036795,-2.1650349897033765
1250,google/embeddinggemma-300m,coreset,prior,mmr,cost_norm,prior/mmr/cost_norm,0.6560387308352416,0.06883745706411747,0.662320513520798,0.6496023976583026,0.6471504408860191,0.6570456664883674,0.5437999255516932,0.6337167707259929,0.19328589955309652,-0.3836313063665381
1250,google/embeddinggemma-300m,coreset,prior,graphcut,cost_norm,prior/graphcut/cost_norm,0.6482406801356319,0.06749301905445051,0.6439167916550932,0.6456475543038517,0.6483922875399545,0.6326808612705599,0.5437999255516932,0.6212009648619233,0.18438944969115392,-0.36731456894919556
1250,google/embeddinggemma-300m,coreset,prior,fl,cost_norm,prior/fl/cost_norm,0.8394771184474975,0.06225193224249864,0.844783585116321,0.8382720873633359,0.8250260324349453,0.8221753379578648,0.6887270209975971,0.8315004996614196,0.32832618381054895,-4.870149438111287
1250,google/embeddinggemma-300m,coreset,prior,dpp,dpp,prior/dpp/dpp,0.7241635601114543,0.0914900175840506,0.7264056125868835,0.7237767698535146,0.7108835175704108,0.688355705930415,0.6288396560631592,0.6885234304947635,0.2738838272415242,-1.264485293683016
1250,google/embeddinggemma-300m,coreset,prior,mmr,topk,prior/mmr/topk,0.6507204615830632,0.09564265680833245,0.6521777034528581,0.6469324630372473,0.6358216783093055,0.6441758045919577,0.6288396560631592,0.6157167270760922,0.3813419252774625,-17.962416844266766
1250,google/embeddinggemma-300m,coreset,prior,graphcut,topk,prior/graphcut/topk,0.6507204615830632,0.09564265680833245,0.6521777034528581,0.6469324630372473,0.6358216783093055,0.6441758045919577,0.6288396560631592,0.6157167270760922,0.3813419252774625,-17.962416844266766
1250,google/embeddinggemma-300m,coreset,prior,fl,topk,prior/fl/topk,0.6507204615830632,0.09564265680833245,0.6521777034528581,0.6469324630372473,0.6358216783093055,0.6441758045919577,0.6288396560631592,0.6157167270760922,0.3813419252774625,-17.962416844266766
1250,Qwen/Qwen3-Embedding-0.6B,coreset,prior,mmr,greedy,prior/mmr/greedy,0.8496780715275778,0.02527530620946496,0.8473459101013868,0.8503434884270169,0.8514475808745487,0.8362939380493393,0.7458285357154905,0.8439093359094436,0.5338405151412172,-3.4353076433235743
1250,Qwen/Qwen3-Embedding-0.6B,coreset,prior,graphcut,greedy,prior/graphcut/greedy,0.8402141510392791,0.025876661288147827,0.8371697223819479,0.8420366101113037,0.8350189580099352,0.8301660597887943,0.7583682271714213,0.8403828628125105,0.5162631787781445,-3.5096228415111326
1250,Qwen/Qwen3-Embedding-0.6B,coreset,prior,fl,greedy,prior/fl/greedy,0.9463020690598059,0.024101605928801704,0.9467800299393611,0.9449961624315222,0.9437922021688582,0.9405903626926613,0.8793332754077738,0.9370545013190338,0.7209283464922095,-6.915804740392937
1250,Qwen/Qwen3-Embedding-0.6B,coreset,prior,mmr,cost_norm,prior/mmr/cost_norm,0.8713042463295054,0.02507216104675295,0.8692840406833753,0.8725124542892786,0.8673453896929111,0.8642214897500238,0.7831893995384609,0.8610364755303616,0.5872256387517137,-2.436205953921912
1250,Qwen/Qwen3-Embedding-0.6B,coreset,prior,graphcut,cost_norm,prior/graphcut/cost_norm,0.8699197620183373,0.02534141358567999,0.8683507818235208,0.8695780487773889,0.8664202915870729,0.8557915258124281,0.7970743525048001,0.8616791743272527,0.5857364434116291,-2.5514884130010067
1250,Qwen/Qwen3-Embedding-0.6B,coreset,prior,fl,cost_norm,prior/fl/cost_norm,0.9516001448488763,0.022171824454452913,0.953463751064795,0.9492366279113649,0.9481646043969174,0.947910211543891,0.8820130688758044,0.9461895536485143,0.6920186472388933,-15.123826359802822
1250,Qwen/Qwen3-Embedding-0.6B,coreset,prior,dpp,dpp,prior/dpp/dpp,0.8315207216359379,0.03245795381975905,0.8303216161449846,0.8307038953556797,0.8254519529878758,0.8393752306908264,0.83087496838113,0.8179323455432196,0.587020863761317,-4.712794858892009
1250,Qwen/Qwen3-Embedding-0.6B,coreset,prior,mmr,topk,prior/mmr/topk,0.7911160089946038,0.036101441004506823,0.7876430721881883,0.7925704691829896,0.7919960621328932,0.7790024338339876,0.778191040879526,0.7720670910800818,0.7172419892729454,-24.668765002826476
1250,Qwen/Qwen3-Embedding-0.6B,coreset,prior,graphcut,topk,prior/graphcut/topk,0.7911160089946038,0.036101441004506823,0.7876430721881883,0.7925704691829896,0.7919960621328932,0.7790024338339876,0.778191040879526,0.7720670910800818,0.7172419892729454,-24.668765002826476
1250,Qwen/Qwen3-Embedding-0.6B,coreset,prior,fl,topk,prior/fl/topk,0.7911160089946038,0.036101441004506823,0.7876430721881883,0.7925704691829896,0.7919960621328932,0.7790024338339876,0.778191040879526,0.7720670910800818,0.7172419892729454,-24.668765002826476
1250,all-mpnet-base-v2,coreset,prior,mmr,greedy,prior/mmr/greedy,0.5777492450422055,0.08420021216964947,0.5753342754602139,0.5848623176704931,0.5664991371924617,0.5558958948356503,0.3612623533468473,0.5636940865736308,0.06088604912313387,-0.20660140143514102
1250,all-mpnet-base-v2,coreset,prior,graphcut,greedy,prior/graphcut/greedy,0.5455704532559773,0.08192367004757782,0.5465249454234185,0.5487687191632082,0.532104241649914,0.5439077224333012,0.27345604657582373,0.5396887004822793,0.04363663963597918,-0.3611909915376806
1250,all-mpnet-base-v2,coreset,prior,fl,greedy,prior/fl/greedy,0.8016199148219976,0.08508899604093353,0.8102528179925736,0.7940503286040428,0.7940923222976041,0.7801337654190552,0.6201014384858397,0.8070726272673344,0.3003922165283617,-2.0182855891169242
1250,all-mpnet-base-v2,coreset,prior,mmr,cost_norm,prior/mmr/cost_norm,0.5817765925095304,0.08287319751842967,0.582266470989974,0.5849560981745991,0.575081067837471,0.5720944505083971,0.41985569599311473,0.5705941881232819,0.06647610513027757,-0.2007247803486743
1250,all-mpnet-base-v2,coreset,prior,graphcut,cost_norm,prior/graphcut/cost_norm,0.5585181429491223,0.0804275254244512,0.5595426922048071,0.5607760797300101,0.5535796044763905,0.5750248496262009,0.41985569599311473,0.5539217608330904,0.04983670954600214,-0.2175994512958909
1250,all-mpnet-base-v2,coreset,prior,fl,cost_norm,prior/fl/cost_norm,0.8344148479628979,0.0709260891560676,0.8381368219669527,0.8333180251605682,0.8229726579152199,0.8236851498360516,0.8113333389099405,0.8309452287644018,0.2556764933298219,-4.727444449685654
1250,all-mpnet-base-v2,coreset,prior,dpp,dpp,prior/dpp/dpp,0.6117751204451809,0.11311123541222429,0.6108830198608837,0.6093473167400393,0.6200003346163901,0.570429485038789,0.4964094084799749,0.5777628692851449,0.16816781782808732,-1.1019832673219014
1250,all-mpnet-base-v2,coreset,prior,mmr,topk,prior/mmr/topk,0.4379751612426832,0.12634061329629062,0.4328111692846887,0.43934442239701255,0.434982714733101,0.3930758356718022,0.5910815643870425,0.41072971077926856,0.38830606924053634,-24.407862234509217
1250,all-mpnet-base-v2,coreset,prior,graphcut,topk,prior/graphcut/topk,0.4379751612426832,0.12634061329629062,0.4328111692846887,0.43934442239701255,0.434982714733101,0.3930758356718022,0.5910815643870425,0.41072971077926856,0.38830606924053634,-24.407862234509217
1250,all-mpnet-base-v2,coreset,prior,fl,topk,prior/fl/topk,0.4379751612426832,0.12634061329629062,0.4328111692846887,0.43934442239701255,0.434982714733101,0.3930758356718022,0.5910815643870425,0.41072971077926856,0.38830606924053634,-24.407862234509217
1500,BAAI/bge-m3,centroid,prior,mmr,greedy,prior/mmr/greedy,0.7786974691741865,0.02174013010929075,0.7753746750757804,0.7776954137424491,0.7773588594706193,0.7742327662745132,0.702200458920241,0.7605971640710961,0.36384270846281414,-2.231550124175144
1500,BAAI/bge-m3,centroid,prior,graphcut,greedy,prior/graphcut/greedy,0.7701119333497018,0.02233787704224013,0.770424920448101,0.767908290596231,0.7672712263645699,0.7437657490986008,0.6910942896315537,0.7574975037484771,0.34869309430414774,-2.2827620787440606
1500,BAAI/bge-m3,centroid,prior,fl,greedy,prior/fl/greedy,0.8827180089099548,0.019847203024118295,0.8836081891175075,0.8832832402674514,0.8744961819380295,0.8673814571971804,0.8215553673352646,0.8682243792117198,0.505722461584604,-4.229288930038236
1500,BAAI/bge-m3,centroid,prior,mmr,cost_norm,prior/mmr/cost_norm,0.7822995087160441,0.02180829717127501,0.779564315763378,0.783389184364188,0.7694361446526401,0.769563169617039,0.7261732224837569,0.7599635754644898,0.39438577572692113,-1.3062847917372327
1500,BAAI/bge-m3,centroid,prior,graphcut,cost_norm,prior/graphcut/cost_norm,0.777603588519008,0.02226326868974797,0.7753062403307116,0.7773837994318269,0.7673878722984362,0.7533617887183488,0.7310057349716893,0.7603697007759144,0.3935310936199044,-1.3577737898196813
1500,BAAI/bge-m3,centroid,prior,fl,cost_norm,prior/fl/cost_norm,0.8954647212790766,0.01915453236005357,0.8959170300241569,0.8990637411919356,0.8827093403844543,0.8790487303214595,0.8222242148315698,0.8884093874473846,0.47571834134605695,-9.537001893205463
1500,BAAI/bge-m3,centroid,prior,dpp,dpp,prior/dpp/dpp,0.7407767908205444,0.03074118825782723,0.7361565994975612,0.7449963753548282,0.7302941976798397,0.7342391957465897,0.6657086686787106,0.7131073390596024,0.4459830105023564,-3.8178893777559386
1500,BAAI/bge-m3,centroid,prior,mmr,topk,prior/mmr/topk,0.7090112233349819,0.03424381303934837,0.7048957314189961,0.7139136801538132,0.6988870795008456,0.691897509460887,0.6447381898478785,0.675204754083982,0.5990767958310416,-26.11189257086448
1500,BAAI/bge-m3,centroid,prior,graphcut,topk,prior/graphcut/topk,0.7090112233349819,0.03424381303934837,0.7048957314189961,0.7139136801538132,0.6988870795008456,0.691897509460887,0.6447381898478785,0.675204754083982,0.5990767958310416,-26.11189257086448
1500,BAAI/bge-m3,centroid,prior,fl,topk,prior/fl/topk,0.7090112233349819,0.03424381303934837,0.7048957314189961,0.7139136801538132,0.6988870795008456,0.691897509460887,0.6447381898478785,0.675204754083982,0.5990767958310416,-26.11189257086448
1500,NovaSearch/stella_en_1.5B_v5,centroid,prior,mmr,greedy,prior/mmr/greedy,0.7008211309054944,0.049984030557339486,0.7064402915360949,0.7020607873943855,0.6808827845482227,0.6769496831691423,0.5917862256706483,0.6747683144784551,0.1946482876632011,-0.9524916212232608
1500,NovaSearch/stella_en_1.5B_v5,centroid,prior,graphcut,greedy,prior/graphcut/greedy,0.695039372230385,0.04947130716809968,0.7030162259377737,0.6963245685130106,0.671919349613079,0.6769803576831114,0.5700757778719967,0.6773616668505977,0.17284357315807972,-1.1634261378280397
1500,NovaSearch/stella_en_1.5B_v5,centroid,prior,fl,greedy,prior/fl/greedy,0.8652311029351378,0.040948567507823684,0.8666822335370593,0.8652065986603824,0.8578652591848221,0.8410869612125189,0.8499353946768364,0.8541231527337849,0.3744005378124849,-3.511877842669217
1500,NovaSearch/stella_en_1.5B_v5,centroid,prior,mmr,cost_norm,prior/mmr/cost_norm,0.7027392162504097,0.050920292225508194,0.6993019839562223,0.7085653622518128,0.6920476772807738,0.6913193840864467,0.5865615157442903,0.6818536111926622,0.19898353601401708,-0.5998056466989922
1500,NovaSearch/stella_en_1.5B_v5,centroid,prior,graphcut,cost_norm,prior/graphcut/cost_norm,0.7022439183543646,0.05089031012271935,0.7029496303643197,0.7022464892991992,0.7041497412178157,0.674069780986737,0.6373365277407207,0.6828198269826126,0.1866280345140763,-0.6975881852350145
1500,NovaSearch/stella_en_1.5B_v5,centroid,prior,fl,cost_norm,prior/fl/cost_norm,0.8825162372744303,0.03850255678144266,0.883657083229975,0.8817625037010723,0.8770310201458912,0.8673727146285766,0.8176284282106949,0.8708380152651138,0.35415429101800017,-8.054941757669988
1500,NovaSearch/stella_en_1.5B_v5,centroid,prior,dpp,dpp,prior/dpp/dpp,0.6051832273672895,0.07056455633972052,0.6102874533884913,0.5982130044258832,0.603012102665821,0.5600610338286207,0.5162942163145775,0.5695582714035271,0.28433018381584363,-2.4709842997901843
1500,NovaSearch/stella_en_1.5B_v5,centroid,prior,mmr,topk,prior/mmr/topk,0.5072452745557312,0.07859722773526918,0.5103433539890242,0.5029156787358928,0.5044186439379866,0.46313488574436873,0.4916105131138227,0.4775443739717337,0.46352414962536886,-24.44328710211898
1500,NovaSearch/stella_en_1.5B_v5,centroid,prior,graphcut,topk,prior/graphcut/topk,0.5072452745557312,0.07859722773526918,0.5103433539890242,0.5029156787358928,0.5044186439379866,0.46313488574436873,0.4916105131138227,0.4775443739717337,0.46352414962536886,-24.44328710211898
1500,NovaSearch/stella_en_1.5B_v5,centroid,prior,fl,topk,prior/fl/topk,0.5072452745557312,0.07859722771769706,0.5103433539890242,0.5029156787358928,0.5044186439379866,0.46313488574436873,0.4916105131138227,0.4775443739717337,0.46352414962536886,-24.44328710211898
1500,all-MiniLM-L6-v2,centroid,prior,mmr,greedy,prior/mmr/greedy,0.5870376930958453,0.06738107763933686,0.582857686010938,0.5861791224798197,0.5816298654520086,0.5952182241981698,0.30040311292760763,0.5659420564115715,0.05974241573240538,-0.2934801896752895
1500,all-MiniLM-L6-v2,centroid,prior,graphcut,greedy,prior/graphcut/greedy,0.5823091340792294,0.06649106226088304,0.5826577292790316,0.5869586702057209,0.5616390981727832,0.5794940552037808,0.44444404554070865,0.5602583403609767,0.04374022283795881,-0.36248880030833325
1500,all-MiniLM-L6-v2,centroid,prior,fl,greedy,prior/fl/greedy,0.7859340161480206,0.05930225754965027,0.7910888551621096,0.7851790349510581,0.7794130106114622,0.7661289592844501,0.6331041131479237,0.7951102653973458,0.26019484036654794,-2.1484695754523546
1500,all-MiniLM-L6-v2,centroid,prior,mmr,cost_norm,prior/mmr/cost_norm,0.5757564844804995,0.06729336611856267,0.5732739368304902,0.5763402528616397,0.5700551875933195,0.5946029339901792,0.4261940329979633,0.5576039178802994,0.06249176270881984,-0.2320273373240851
1500,all-MiniLM-L6-v2,centroid,prior,graphcut,cost_norm,prior/graphcut/cost_norm,0.5656903756026119,0.06648284133593992,0.5698930702363734,0.5591236814961853,0.5653365258157996,0.5705051306542098,0.3411253169315428,0.5567965071476046,0.046909665787166405,-0.3022101092732178
1500,all-MiniLM-L6-v2,centroid,prior,fl,cost_norm,prior/fl/cost_norm,0.822972071735697,0.056187974517497255,0.82529725756254,0.8215601974182589,0.8154200277681959,0.8039656723816487,0.650866958191576,0.8318010449512084,0.22230316958618615,-5.275846493694018
1500,all-MiniLM-L6-v2,centroid,prior,dpp,dpp,prior/dpp/dpp,0.43907106721285283,0.0894308876386791,0.43276569114858315,0.44105033325672244,0.4315520999206817,0.4626718258030123,0.4559423346375365,0.40583207575702296,0.16079573213772955,-1.4279802649650934
1500,all-MiniLM-L6-v2,centroid,prior,mmr,topk,prior/mmr/topk,0.3480546156663962,0.10265209023260845,0.34117775885721774,0.3537050287861446,0.3452162168725567,0.3661282183914866,0.3399091250835274,0.31680796208555506,0.3910227986579796,-27.535849703510976
1500,all-MiniLM-L6-v2,centroid,prior,graphcut,topk,prior/graphcut/topk,0.3480546156663962,0.10265209023260845,0.34117775885721774,0.3537050287861446,0.3452162168725567,0.3661282183914866,0.3399091250835274,0.31680796208555506,0.3910227986579796,-27.535849703510976
1500,all-MiniLM-L6-v2,centroid,prior,fl,topk,prior/fl/topk,0.34805461570462437,0.1026520902677527,0.34117775891273155,0.3537050287861446,0.3452162169668738,0.3661282183914866,0.3399091250835274,0.31680796208555506,0.3910227992202876,-27.536065413845034
1500,google/embeddinggemma-300m,centroid,prior,mmr,greedy,prior/mmr/greedy,0.6740509730673627,0.038754112930652104,0.670295375921539,0.6742963798399606,0.6687855736800754,0.6709206487069235,0.606470909605726,0.6520727634074588,0.1854993044135143,-0.805402639620709
1500,google/embeddinggemma-300m,centroid,prior,graphcut,greedy,prior/graphcut/greedy,0.6609920551385898,0.03888056260744496,0.6620044119828635,0.6590765406313988,0.6493904778971863,0.6535882870420023,0.606470909605726,0.6431961622457973,0.16970806684837025,-0.8358906496948791
1500,google/embeddinggemma-300m,centroid,prior,fl,greedy,prior/fl/greedy,0.832106064970067,0.035091329049670474,0.8350385947578927,0.8297073930320147,0.8195123277226044,0.8084882806332897,0.703139117464989,0.8199193190089217,0.37082644228665335,-2.7787385684139325
1500,google/embeddinggemma-300m,centroid,prior,mmr,cost_norm,prior/mmr/cost_norm,0.6599700618099097,0.03935481544654324,0.6676724940708297,0.6509520028886114,0.6474107766688378,0.6458264898598662,0.6192128346013611,0.6358655850241924,0.19903696212425548,-0.4907378021557376
1500,google/embeddinggemma-300m,centroid,prior,graphcut,cost_norm,prior/graphcut/cost_norm,0.6563121678404551,0.03911622231035441,0.6637619230512433,0.6539414043022485,0.6300074750135412,0.6502099847212348,0.584514035349121,0.6365544142561582,0.18972113398167323,-0.4872488729515166
1500,google/embeddinggemma-300m,centroid,prior,fl,cost_norm,prior/fl/cost_norm,0.851227408319075,0.03389341782181049,0.854068425400731,0.8508607797574586,0.8377980814426254,0.8432527947010264,0.8242307221639368,0.8354506749204808,0.32293706823070095,-6.166473794658229
1500,google/embeddinggemma-300m,centroid,prior,dpp,dpp,prior/dpp/dpp,0.6267074290438782,0.0520981914574667,0.6258893183061968,0.6263710870856108,0.6202119261367695,0.6297890492558291,0.5555255338747477,0.5876574798442631,0.27439058993784887,-1.9954337778518785
1500,google/embeddinggemma-300m,centroid,prior,mmr,topk,prior/mmr/topk,0.5808863267884105,0.056159204425606526,0.5881780267087884,0.5739669376661398,0.567216144485388,0.586699350934802,0.5965147542309833,0.5429719013486821,0.4619693436993743,-23.04361022980708
1500,google/embeddinggemma-300m,centroid,prior,graphcut,topk,prior/graphcut/topk,0.5808863267884105,0.056159204425606526,0.5881780267087884,0.5739669376661398,0.567216144485388,0.586699350934802,0.5965147542309833,0.5429719013486821,0.4619693436993743,-23.04361022980708
1500,google/embeddinggemma-300m,centroid,prior,fl,topk,prior/fl/topk,0.5808863267884105,0.056159204425606526,0.5881780267087884,0.5739669376661398,0.567216144485388,0.586699350934802,0.5965147542309833,0.5429719013486821,0.4619693436993743,-23.04361022980708
1500,Qwen/Qwen3-Embedding-0.6B,centroid,prior,mmr,greedy,prior/mmr/greedy,0.8575402750821117,0.014226725076782113,0.8576935101932402,0.8581724081419022,0.8558981855440763,0.8404741602286152,0.8417782978455128,0.8523881424294081,0.5386080113503168,-4.557192768690721
1500,Qwen/Qwen3-Embedding-0.6B,centroid,prior,graphcut,greedy,prior/graphcut/greedy,0.8524738816545063,0.014801946769573918,0.8515291528139682,0.8558743394207102,0.8463586999197756,0.8282744212770741,0.7612586144107992,0.8517163546144998,0.5208217914936677,-4.89864009112682
1500,Qwen/Qwen3-Embedding-0.6B,centroid,prior,fl,greedy,prior/fl/greedy,0.9495001588810058,0.011951628435438252,0.9492434327600654,0.9490566742905875,0.9471839564254044,0.9412822845037894,0.8916066214945482,0.9405395831882691,0.7166724421505658,-8.723007775702566
1500,Qwen/Qwen3-Embedding-0.6B,centroid,prior,mmr,cost_norm,prior/mmr/cost_norm,0.8764678187970796,0.014207870945475012,0.8755286548571838,0.8742882891724333,0.8790288947623299,0.8805000956094352,0.826037553013984,0.8678182490736308,0.5958746725095893,-2.792510687180285
1500,Qwen/Qwen3-Embedding-0.6B,centroid,prior,graphcut,cost_norm,prior/graphcut/cost_norm,0.8744666972211802,0.014390791836633996,0.8734736181366598,0.8734573030585016,0.8756545239746805,0.8780393813034605,0.8054979631031016,0.8670537574296951,0.5893689971768631,-2.85196848241788
1500,Qwen/Qwen3-Embedding-0.6B,centroid,prior,fl,cost_norm,prior/fl/cost_norm,0.9543412798402582,0.011330724902503754,0.9529201261356453,0.9538450286024027,0.9552814243720048,0.9487191975677136,0.8876855660375572,0.9484392133344903,0.6869974046383264,-18.48189872615742
1500,Qwen/Qwen3-Embedding-0.6B,centroid,prior,dpp,dpp,prior/dpp/dpp,0.8252067315651118,0.020519732414164913,0.826483196503045,0.8247925294855918,0.8242491651867346,0.8070387674049389,0.8134630781712437,0.8104271595788549,0.5966087131286567,-6.47481621436353
1500,Qwen/Qwen3-Embedding-0.6B,centroid,prior,mmr,topk,prior/mmr/topk,0.7933351049501013,0.023363386201760115,0.7945315122067196,0.7887601437899581,0.7961721057571584,0.7902270685569941,0.810499477512856,0.7756296484274001,0.7310345813913165,-29.41412416719041
1500,Qwen/Qwen3-Embedding-0.6B,centroid,prior,graphcut,topk,prior/graphcut/topk,0.7933351049501013,0.023363386201760115,0.7945315122067196,0.7887601437899581,0.7961721057571584,0.7902270685569941,0.810499477512856,0.7756296484274001,0.7310345813913165,-29.41412416719041
1500,Qwen/Qwen3-Embedding-0.6B,centroid,prior,fl,topk,prior/fl/topk,0.7933351049501013,0.023363386201760115,0.7945315122067196,0.7887601437899581,0.7961721057571584,0.7902270685569941,0.810499477512856,0.7756296484274001,0.7310345813913165,-29.41412416719041
1500,all-mpnet-base-v2,centroid,prior,mmr,greedy,prior/mmr/greedy,0.5853327404431382,0.06501696626040733,0.5880343352757424,0.5812143256731711,0.5831911227480165,0.553436725528756,0.4358659030432475,0.5708367425520174,0.06547212374823845,-0.35460227304401826
1500,all-mpnet-base-v2,centroid,prior,graphcut,greedy,prior/graphcut/greedy,0.5684543731584893,0.06416841267766256,0.5635250175216042,0.5725050530998717,0.5604390421027466,0.5674780007573094,0.3108427833590322,0.560994690779128,0.049014162210712454,-0.5219633068432504
1500,all-mpnet-base-v2,centroid,prior,fl,greedy,prior/fl/greedy,0.8143200286194809,0.055302954946627035,0.8235392374915093,0.8055063895839669,0.8065835491528068,0.79563739432125,0.6201014384858397,0.8193143845060561,0.2911826829724717,-2.5465808901584372
1500,all-mpnet-base-v2,centroid,prior,mmr,cost_norm,prior/mmr/cost_norm,0.5900994852135398,0.0646751196879261,0.5933293486667461,0.5851512414952313,0.5901569884120813,0.524209912645261,0.5726739274093035,0.5777552788007455,0.06991527054265563,-0.2544640015881017
1500,all-mpnet-base-v2,centroid,prior,graphcut,cost_norm,prior/graphcut/cost_norm,0.5666626054613092,0.06365532558059918,0.5669747003720542,0.5673336733464268,0.5661176293139842,0.5248680461249222,0.4994643668738376,0.5618590289429239,0.053612285156356486,-0.29441016128743597
1500,all-mpnet-base-v2,centroid,prior,fl,cost_norm,prior/fl/cost_norm,0.8365384854804482,0.052339594846345344,0.8424799183816678,0.8329640287792018,0.8319285214538167,0.8126045197058224,0.7632364026050191,0.8427957804740821,0.24977076419119565,-5.8568245318700685
1500,all-mpnet-base-v2,centroid,prior,dpp,dpp,prior/dpp/dpp,0.4756933877861399,0.08520499910315815,0.48098284273486697,0.47714874100431803,0.47319499878826005,0.4579815856641631,0.3451213051491603,0.44087559420262895,0.16569058894056757,-1.4655076844512291
1500,all-mpnet-base-v2,centroid,prior,mmr,topk,prior/mmr/topk,0.3853349407664712,0.09999602737854112,0.3820994148783628,0.3932753385462322,0.37171524050814797,0.333329716834513,0.3566844467494421,0.3625256786212381,0.390373026741282,-26.61968655068919
1500,all-mpnet-base-v2,centroid,prior,graphcut,topk,prior/graphcut/topk,0.3853349407664712,0.09999602737854112,0.3820994148783628,0.3932753385462322,0.37171524050814797,0.333329716834513,0.3566844467494421,0.3625256786212381,0.390373026741282,-26.61912089586258
1500,all-mpnet-base-v2,centroid,prior,fl,topk,prior/fl/topk,0.3853349407664712,0.09999602737854112,0.3820994148783628,0.3932753385462322,0.37171524050814797,0.333329716834513,0.3566844467494421,0.3625256786212381,0.390373026741282,-26.61968655068919
1500,BAAI/bge-m3,coreset,prior,mmr,greedy,prior/mmr/greedy,0.7869594130120966,0.04788892987658674,0.7851851141649966,0.787144174709216,0.7811560732710884,0.7849635740936466,0.6447387002886031,0.7655904409682053,0.3660344884924169,-2.2844096245068424
1500,BAAI/bge-m3,coreset,prior,graphcut,greedy,prior/graphcut/greedy,0.7732777824991953,0.04776082417207225,0.7708765380871241,0.7745359579069182,0.7699344289403525,0.7683019050542836,0.6896725420662708,0.7578642562861768,0.34790638721776457,-2.1647023817278304
1500,BAAI/bge-m3,coreset,prior,fl,greedy,prior/fl/greedy,0.8816193499620251,0.05433438349304334,0.8833555440961207,0.8812266582698903,0.8724729617810875,0.8653219099733916,0.8101352770008681,0.8681852137818706,0.5050194727362327,-4.260011529022792
1500,BAAI/bge-m3,coreset,prior,mmr,cost_norm,prior/mmr/cost_norm,0.7807267073566821,0.047729690409845336,0.7792053975466791,0.7784780724360237,0.7749755143303275,0.7688255485735641,0.7213595112291855,0.7614738085371684,0.3952090730363468,-1.3249844579764132
1500,BAAI/bge-m3,coreset,prior,graphcut,cost_norm,prior/graphcut/cost_norm,0.7766603151392337,0.04744719712169103,0.7753009810932181,0.7754021328082769,0.7691818870228252,0.7605869053440469,0.700087574613673,0.7583988315034086,0.3954452397126072,-1.335775779946795
1500,BAAI/bge-m3,coreset,prior,fl,cost_norm,prior/fl/cost_norm,0.8958417555734207,0.045386697350175316,0.9020801238037705,0.8918904773024694,0.8835503499856008,0.8797912443173754,0.8162942547854669,0.8831728992650151,0.47533281766018776,-9.634088691675439
1500,BAAI/bge-m3,coreset,prior,dpp,dpp,prior/dpp/dpp,0.8278194111680482,0.06116646081912068,0.8244797374930517,0.8289522807954415,0.8235190894397806,0.814968558086859,0.7285608940471382,0.8070492944650357,0.43711659523113716,-3.4186892380129614
1500,BAAI/bge-m3,coreset,prior,mmr,topk,prior/mmr/topk,0.765540473925834,0.064965073001694,0.7633051631649017,0.7681778649882681,0.7542165533872335,0.7478844449567436,0.7336572193163021,0.7394037949275601,0.5327704654268499,-24.32405811210848
1500,BAAI/bge-m3,coreset,prior,graphcut,topk,prior/graphcut/topk,0.765540473925834,0.064965073001694,0.7633051631649017,0.7681778649882681,0.7542165533872335,0.7478844449567436,0.7336572193163021,0.7394037949275601,0.5327704654268499,-24.32405811210848
1500,BAAI/bge-m3,coreset,prior,fl,topk,prior/fl/topk,0.765540473925834,0.064965073001694,0.7633051631649017,0.7681778649882681,0.7542165533872335,0.7478844449567436,0.7336572193163021,0.7394037949275601,0.5327704654268499,-24.32405811210848
1500,NovaSearch/stella_en_1.5B_v5,coreset,prior,mmr,greedy,prior/mmr/greedy,0.7097210594454921,0.06754364087334219,0.7131717964028688,0.7106817786609136,0.6937959361278899,0.6942841846737787,0.6325381845533238,0.680215551009302,0.1976930659686057,-1.0267613018458743
1500,NovaSearch/stella_en_1.5B_v5,coreset,prior,graphcut,greedy,prior/graphcut/greedy,0.6976941241850472,0.06810762156855385,0.6993702774109728,0.701957521713377,0.6838519198757681,0.6953036051286455,0.6003791870381581,0.6836230834968124,0.17516908126900782,-1.3635901202148986
1500,NovaSearch/stella_en_1.5B_v5,coreset,prior,fl,greedy,prior/fl/greedy,0.8639991384707821,0.06982786573012764,0.8642958187704463,0.8632802310920069,0.8585776692504252,0.8538529063924922,0.7345002867327769,0.8546158535775024,0.37419850653353726,-3.504357526887138
1500,NovaSearch/stella_en_1.5B_v5,coreset,prior,mmr,cost_norm,prior/mmr/cost_norm,0.6938294485433772,0.06874665759398409,0.6939291355523095,0.694558583562461,0.6903396783779678,0.6658562695673553,0.6676254651679441,0.6740495410827726,0.19720152407041136,-0.6187072486247657
1500,NovaSearch/stella_en_1.5B_v5,coreset,prior,graphcut,cost_norm,prior/graphcut/cost_norm,0.6964940514803074,0.06886492573814292,0.6997027755568572,0.6953551246085997,0.6841586578155259,0.6786620032622334,0.7452853959728815,0.6812092469687377,0.1865497852833766,-0.7077090524418174
1500,NovaSearch/stella_en_1.5B_v5,coreset,prior,fl,cost_norm,prior/fl/cost_norm,0.8837493864771057,0.05740088381681521,0.8821319641002314,0.885985423875573,0.8797023849960264,0.8765718782117038,0.7778680582251182,0.8672529601917842,0.35660774246701654,-8.256194600519144
1500,NovaSearch/stella_en_1.5B_v5,coreset,prior,dpp,dpp,prior/dpp/dpp,0.6853768913743757,0.09160526813763492,0.6939335459487393,0.6819156700057876,0.6651927910055665,0.6745766468407367,0.6141043949114069,0.6487952663177146,0.2733695060014725,-2.315591686457958
1500,NovaSearch/stella_en_1.5B_v5,coreset,prior,mmr,topk,prior/mmr/topk,0.5305571023148347,0.10385392179255779,0.5341730950496251,0.5255827199879627,0.5226533563588747,0.5227334124328408,0.480736420997907,0.4871654815179646,0.4696533980796922,
1500,NovaSearch/stella_en_1.5B_v5,coreset,prior,graphcut,topk,prior/graphcut/topk,0.5305571023148347,0.10385392179255779,0.5341730950496251,0.5255827199879627,0.5226533563588747,0.5227334124328408,0.480736420997907,0.4871654815179646,0.4696533980796922,
1500,NovaSearch/stella_en_1.5B_v5,coreset,prior,fl,topk,prior/fl/topk,0.5305571023148347,0.10385392179255779,0.5341730950496251,0.5255827199879627,0.5226533563588747,0.5227334124328408,0.480736420997907,0.4871654815179646,0.4696533980796922,
1500,all-MiniLM-L6-v2,coreset,prior,mmr,greedy,prior/mmr/greedy,0.6019339113608545,0.08750202993528461,0.6014589078699828,0.6063747366694822,0.594194095191905,0.5917103131771415,0.3887305342046118,0.5837603796853953,0.06342013240989544,-0.2910911966958698
1500,all-MiniLM-L6-v2,coreset,prior,graphcut,greedy,prior/graphcut/greedy,0.5730648356084559,0.08364487465752184,0.5712067759760886,0.575016420568704,0.5790157810875096,0.5228143299515658,0.3458828574846015,0.5582534115106321,0.04408338355086634,-0.45465132815517345
1500,all-MiniLM-L6-v2,coreset,prior,fl,greedy,prior/fl/greedy,0.7868801264758214,0.09395831171423197,0.7900245914359149,0.7899795246577164,0.7757943881848393,0.7652340622325247,0.6253395630180245,0.7976882928860277,0.2558854487988184,-2.171602072299651
1500,all-MiniLM-L6-v2,coreset,prior,mmr,cost_norm,prior/mmr/cost_norm,0.5976511491538287,0.08625905048805026,0.5968836982074956,0.5960272655183178,0.5980864803179462,0.5992270178350133,0.485080586229738,0.5902507790430255,0.06977187663773601,-0.28239343100983016
1500,all-MiniLM-L6-v2,coreset,prior,graphcut,cost_norm,prior/graphcut/cost_norm,0.5851632188282498,0.08247899599724783,0.5795443964581604,0.5891830445348717,0.5900799926542827,0.5783974234123855,0.4738540111699509,0.5740260633649319,0.04899668015423231,-0.3046184277759408
1500,all-MiniLM-L6-v2,coreset,prior,fl,cost_norm,prior/fl/cost_norm,0.8186546936571846,0.07627654982344159,0.8252099140809747,0.8148743761085593,0.8123137523772284,0.797948181634983,0.6665727021145251,0.8253853267607175,0.21953648511531218,-5.229340100063468
1500,all-MiniLM-L6-v2,coreset,prior,dpp,dpp,prior/dpp/dpp,0.6413361400655626,0.11603664232523374,0.6409877906868257,0.6421522328653405,0.6407260548036513,0.6060994025243822,0.43820880144434254,0.6142807916046276,0.15655644967238297,-1.2549551295221977
1500,all-MiniLM-L6-v2,coreset,prior,mmr,topk,prior/mmr/topk,0.46296544643412285,0.12850615224045403,0.457398102288068,0.4680337648488145,0.46315390897729,0.40562684486911127,0.3402991544735428,0.4303232869844006,0.33697695710327263,-28.020670972623915
1500,all-MiniLM-L6-v2,coreset,prior,graphcut,topk,prior/graphcut/topk,0.46296544643412285,0.12850615224045403,0.457398102288068,0.4680337648488145,0.46315390897729,0.40562684486911127,0.3402991544735428,0.4303232869844006,0.33697695710327263,-28.020670972623915
1500,all-MiniLM-L6-v2,coreset,prior,fl,topk,prior/fl/topk,0.46296544643412285,0.12850615224045403,0.457398102288068,0.4680337648488145,0.46315390897729,0.40562684486911127,0.3402991544735428,0.4303232869844006,0.33697695710327263,-28.020670972623915
1500,google/embeddinggemma-300m,coreset,prior,mmr,greedy,prior/mmr/greedy,0.6844119298049899,0.06725491480550395,0.6861705825527726,0.6844707979955863,0.6747637016609832,0.6730021671365418,0.5924779560816432,0.6543848539455114,0.19143130089033325,-0.843949557334747
1500,google/embeddinggemma-300m,coreset,prior,graphcut,greedy,prior/graphcut/greedy,0.6607800318302325,0.0653848569436034,0.6621610975368588,0.6562856172842085,0.6593055514242271,0.661494715824207,0.6320002785411204,0.6378882860862892,0.17100498624989446,-0.8403592636843897
1500,google/embeddinggemma-300m,coreset,prior,fl,greedy,prior/fl/greedy,0.8299364381447996,0.0768332611242274,0.8345166854656176,0.8276273266334337,0.8145162761975824,0.8124079835378937,0.7454030218639419,0.8196193776170293,0.36945068316077284,-2.752966062640244
1500,google/embeddinggemma-300m,coreset,prior,mmr,cost_norm,prior/mmr/cost_norm,0.6692654544319859,0.06740270514603493,0.668121685236506,0.6697164745029416,0.6605153549018595,0.6555563206542143,0.5315518990206515,0.6393700527032807,0.2012566346323715,-0.528272216753015
1500,google/embeddinggemma-300m,coreset,prior,graphcut,cost_norm,prior/graphcut/cost_norm,0.6601909260142634,0.0663991371556273,0.6620239416609943,0.6550144101008135,0.6551125150721768,0.646465111357249,0.565067052118423,0.6380663680651232,0.19276756280154553,-0.5321891255817324
1500,google/embeddinggemma-300m,coreset,prior,fl,cost_norm,prior/fl/cost_norm,0.8466366975649747,0.06169062577855756,0.8470208129095083,0.8491547595851593,0.8292255796405651,0.8120356484850721,0.7690876703056221,0.8346446508769771,0.32362817769061847,-6.112900902640145
1500,google/embeddinggemma-300m,coreset,prior,dpp,dpp,prior/dpp/dpp,0.757187447576832,0.08931854052715144,0.761941290218332,0.7564618362905757,0.7422913211389144,0.7380730196015156,0.6991494767369523,0.7239443307127579,0.27934473394504133,-1.8118892430134539
1500,google/embeddinggemma-300m,coreset,prior,mmr,topk,prior/mmr/topk,0.6753644576118536,0.09409972793369922,0.6724446693023755,0.6787179319413417,0.6603049909815767,0.6715995151698693,0.6991494767369523,0.6390612862588096,0.3819741870294202,-21.4493040954167
1500,google/embeddinggemma-300m,coreset,prior,graphcut,topk,prior/graphcut/topk,0.6753644576118536,0.09409972793369922,0.6724446693023755,0.6787179319413417,0.6603049909815767,0.6715995151698693,0.6991494767369523,0.6390612862588096,0.3819741870294202,-21.4493040954167
1500,google/embeddinggemma-300m,coreset,prior,fl,topk,prior/fl/topk,0.6753644576118536,0.09409972793369922,0.6724446693023755,0.6787179319413417,0.6603049909815767,0.6715995151698693,0.6991494767369523,0.6390612862588096,0.3819741870294202,-21.4493040954167
1500,Qwen/Qwen3-Embedding-0.6B,coreset,prior,mmr,greedy,prior/mmr/greedy,0.8571237317593567,0.024631126089689304,0.8536652807324346,0.8578948936127431,0.8586549173113125,0.8431997641850397,0.8299019452118178,0.8532774325212921,0.5412926738554577,-4.579768029586324
1500,Qwen/Qwen3-Embedding-0.6B,coreset,prior,graphcut,greedy,prior/graphcut/greedy,0.8486218116881117,0.025586361632207937,0.8462246162838373,0.8504028536101033,0.8454414072250142,0.8362528337661679,0.7612586144107992,0.8484725194363649,0.522302287226578,-4.768156589202161
1500,Qwen/Qwen3-Embedding-0.6B,coreset,prior,fl,greedy,prior/fl/greedy,0.9492470624490347,0.024355962560599985,0.9498345960647012,0.9483975527507607,0.9467662412502831,0.9384110247677019,0.8793332754077738,0.9409824210931026,0.7159536888576904,-8.676700409853234
1500,Qwen/Qwen3-Embedding-0.6B,coreset,prior,mmr,cost_norm,prior/mmr/cost_norm,0.8815784223929922,0.024402657471034886,0.8801509198759762,0.8819032473991923,0.8799102127999422,0.8706072863065893,0.8389557241848538,0.8711559390644762,0.5991653527291316,-2.8683500970309637
1500,Qwen/Qwen3-Embedding-0.6B,coreset,prior,graphcut,cost_norm,prior/graphcut/cost_norm,0.8795841455585126,0.024695883764235198,0.8793613648973043,0.8796607213875036,0.8766726994408861,0.8765343927964963,0.8389557241848538,0.8723112551442641,0.5952542037615236,-2.9462476485180407
1500,Qwen/Qwen3-Embedding-0.6B,coreset,prior,fl,cost_norm,prior/fl/cost_norm,0.954353021242383,0.022090583196226157,0.9545533003234964,0.9551655561467599,0.9520499315571516,0.9354684945395422,0.888406549908094,0.9500974374453508,0.6878479398646444,-18.55245219086701
1500,Qwen/Qwen3-Embedding-0.6B,coreset,prior,dpp,dpp,prior/dpp/dpp,0.8389670912310909,0.03185452327114653,0.8378068478517571,0.83762027141191,0.8357383800683439,0.8428205595565594,0.83087496838113,0.8250716009514788,0.5900449547565209,-5.981404830824654
1500,Qwen/Qwen3-Embedding-0.6B,coreset,prior,mmr,topk,prior/mmr/topk,0.7962985086975398,0.03562588552628064,0.7934737363446941,0.7954698469887141,0.8012414242320008,0.7885824031293729,0.8145884890412345,0.774880803001276,0.7152015341902679,-29.322798157637973
1500,Qwen/Qwen3-Embedding-0.6B,coreset,prior,graphcut,topk,prior/graphcut/topk,0.7962985086975398,0.03562588552628064,0.7934737363446941,0.7954698469887141,0.8012414242320008,0.7885824031293729,0.8145884890412345,0.774880803001276,0.7152015341902679,-29.322798157637973
1500,Qwen/Qwen3-Embedding-0.6B,coreset,prior,fl,topk,prior/fl/topk,0.7962985086975398,0.03562588552628064,0.7934737363446941,0.7954698469887141,0.8012414242320008,0.7885824031293729,0.8145884890412345,0.774880803001276,0.7152015341902679,-29.322798157637973
1500,all-mpnet-base-v2,coreset,prior,mmr,greedy,prior/mmr/greedy,0.5951382370653553,0.08172033549690584,0.59328836442195,0.6067454258614542,0.5753862140338273,0.5757853160767115,0.5494092978772644,0.5804731927065531,0.0685516195239956,-0.3102937126180755
1500,all-mpnet-base-v2,coreset,prior,graphcut,greedy,prior/graphcut/greedy,0.5659206947621935,0.0792293357574996,0.5652880997434491,0.5704883066174402,0.5490024735860811,0.550314391419044,0.4422433575636918,0.5547965213575832,0.04939424077802303,-0.35993442163398526
1500,all-mpnet-base-v2,coreset,prior,fl,greedy,prior/fl/greedy,0.815875956314673,0.08624076330155697,0.8247994476393053,0.8070637271797122,0.814528410701466,0.7927787845881747,0.6201014384858397,0.8218658396632642,0.29275573783044545,-2.5925462316229657
1500,all-mpnet-base-v2,coreset,prior,mmr,cost_norm,prior/mmr/cost_norm,0.5968716203294389,0.08099904717912651,0.6038696364026557,0.591820875790806,0.5885621856088296,0.5938468210117109,0.46215574906382706,0.5815724310978235,0.0721316076200104,-0.27592928440503356
1500,all-mpnet-base-v2,coreset,prior,graphcut,cost_norm,prior/graphcut/cost_norm,0.5698038419534839,0.07830851762291957,0.5737516303051124,0.565137586846861,0.5631252315285428,0.6004023426473715,0.46903784006848076,0.5578151532155617,0.054355516941901647,-0.36836292812565585
1500,all-mpnet-base-v2,coreset,prior,fl,cost_norm,prior/fl/cost_norm,0.8401527324495364,0.07082422074141367,0.8467321021464672,0.8364796921852367,0.8363581163773568,0.8098444722527046,0.6931464426357649,0.8453161656887895,0.24766264912092462,-5.913812594593696
1500,all-mpnet-base-v2,coreset,prior,dpp,dpp,prior/dpp/dpp,0.6502515369148572,0.10911338695518251,0.6552671161476771,0.6449109161529882,0.6470465975733579,0.6359261981126785,0.6827597328061581,0.6146750432840731,0.172734147658185,-1.590519944030159
1500,all-mpnet-base-v2,coreset,prior,mmr,topk,prior/mmr/topk,0.48846278604607757,0.12330310429745125,0.49041570237799925,0.4886821939939724,0.47094840938869464,0.4442311006299879,0.5036657827744179,0.4506580123001689,0.3619866890586772,-29.732204898348396
1500,all-mpnet-base-v2,coreset,prior,graphcut,topk,prior/graphcut/topk,0.48846278604607757,0.12330310429745125,0.49041570237799925,0.4886821939939724,0.47094840938869464,0.4442311006299879,0.5036657827744179,0.4506580123001689,0.3619866890586772,-29.732204898348396
1500,all-mpnet-base-v2,coreset,prior,fl,topk,prior/fl/topk,0.48846278604607757,0.12330310429745125,0.49041570237799925,0.4886821939939724,0.47094840938869464,0.4442311006299879,0.5036657827744179,0.4506580123001689,0.3619866890586772,-29.732204898348396
